device,ts,day,soilMoisture,soilTemperature,soilEC,illuminance,pm25,pm10,aqi,humidity,temperature,rainfall,windSpeed,radiation,boxTemperature,mass,leafWetness,doorOpen,motion
cacao-01-lote1-twin,2026-09-24 20:35:29.906000+00:00,2026-09-24,33.2,24.77,0.752,,,,,,,,,,,,,,
cacao-01-lote1-twin,2026-09-24 20:36:03.193000+00:00,2026-09-24,21.7,21.91,1.012,,,,,,,,,,,,,,
cacao-01-lote1-twin,2026-09-24 20:37:17.859000+00:00,2026-09-24,22.1,21.2,0.972,,,,,,,,,,,,,,
cacao-01-lote1-twin,2026-09-24 21:08:24.795000+00:00,2026-09-24,28.3,26.84,1.037,,,,,,,,,,,,,,
cacao-01-lote1-twin,2026-09-24 21:13:23.427000+00:00,2026-09-24,29.8,26.81,0.731,,,,,,,,,,,,,,
cacao-01-lote1-twin,2026-09-24 19:53:11.425000+00:00,2026-09-24,41.3,27.49,0.768,,,,,,,,,,,,,,
cacao-01-lote1-twin,2026-09-24 20:04:23.368000+00:00,2026-09-24,35.0,24.3,0.711,,,,,,,,,,,,,,
cacao-01-lote1-twin,2026-09-24 20:47:15.296000+00:00,2026-09-24,22.0,22.79,1.037,,,,,,,,,,,,,,
cacao-01-lote1-twin,2026-09-24 20:48:29.981000+00:00,2026-09-24,22.8,23.52,0.995,,,,,,,,,,,,,,
cacao-01-lote1-twin,2026-09-24 20:49:44.692000+00:00,2026-09-24,26.9,24.05,0.65,,,,,,,,,,,,,,
cacao-01-lote1-twin,2026-09-24 21:03:26.133000+00:00,2026-09-24,31.1,23.76,0.922,,,,,,,,,,,,,,
cacao-01-lote1-twin,2026-09-24 21:04:40.804000+00:00,2026-09-24,24.0,26.5,1.002,,,,,,,,,,,,,,
cacao-01-lote1-twin,2026-09-24 21:05:55.470000+00:00,2026-09-24,34.7,27.61,1.061,,,,,,,,,,,,,,
cacao-01-lote1-twin,2026-09-24 21:07:10.136000+00:00,2026-09-24,29.1,27.0,0.436,,,,,,,,,,,,,,
cacao-01-lote1-twin,2026-09-24 20:05:38.019000+00:00,2026-09-24,28.9,27.13,1.197,,,,,,,,,,,,,,
cacao-01-lote1-twin,2026-09-24 20:06:52.687000+00:00,2026-09-24,26.3,24.86,0.787,,,,,,,,,,,,,,
cacao-01-lote1-twin,2026-09-24 20:08:07.367000+00:00,2026-09-24,24.2,21.39,1.01,,,,,,,,,,,,,,
cacao-01-lote1-twin,2026-09-24 20:09:22.021000+00:00,2026-09-24,22.3,24.96,1.058,,,,,,,,,,,,,,
cacao-01-lote1-twin,2026-09-24 20:10:36.685000+00:00,2026-09-24,25.3,25.85,0.349,,,,,,,,,,,,,,
cacao-01-lote1-twin,2026-09-24 20:11:51.352000+00:00,2026-09-24,33.7,27.98,0.918,,,,,,,,,,,,,,
cacao-01-lote1-twin,2026-09-24 20:13:06.021000+00:00,2026-09-24,40.1,26.15,0.954,,,,,,,,,,,,,,
cacao-01-lote1-twin,2026-09-24 20:34:15.250000+00:00,2026-09-24,33.9,22.65,0.863,,,,,,,,,,,,,,
cacao-01-lote1-twin,2026-09-24 20:39:47.235000+00:00,2026-09-24,23.3,23.46,0.679,,,,,,,,,,,,,,
cacao-01-lote1-twin,2026-09-24 20:41:01.923000+00:00,2026-09-24,27.5,24.48,1.184,,,,,,,,,,,,,,
cacao-01-lote1-twin,2026-09-24 20:43:31.246000+00:00,2026-09-24,26.8,22.4,0.945,,,,,,,,,,,,,,
cacao-01-lote1-twin,2026-09-24 20:44:45.906000+00:00,2026-09-24,22.8,22.04,0.546,,,,,,,,,,,,,,
cacao-01-lote1-twin,2026-09-24 20:46:00.605000+00:00,2026-09-24,22.1,21.97,0.782,,,,,,,,,,,,,,
cacao-01-lote1-twin,2026-09-24 20:50:59.377000+00:00,2026-09-24,15.9,24.98,0.587,,,,,,,,,,,,,,
cacao-01-lote1-twin,2026-09-24 20:52:14.038000+00:00,2026-09-24,29.4,24.24,1.092,,,,,,,,,,,,,,
cacao-01-lote1-twin,2026-09-24 20:53:28.704000+00:00,2026-09-24,20.8,21.96,1.142,,,,,,,,,,,,,,
cacao-01-lote1-twin,2026-09-24 20:54:43.367000+00:00,2026-09-24,26.1,22.53,1.135,,,,,,,,,,,,,,
cacao-01-lote1-twin,2026-09-24 20:55:58.029000+00:00,2026-09-24,21.1,25.34,0.552,,,,,,,,,,,,,,
cacao-01-lote1-twin,2026-09-24 20:57:12.701000+00:00,2026-09-24,27.6,25.54,1.028,,,,,,,,,,,,,,
cacao-01-lote1-twin,2026-09-24 20:20:33.978000+00:00,2026-09-24,25.8,23.45,0.789,,,,,,,,,,,,,,
cacao-01-lote1-twin,2026-09-24 20:21:48.641000+00:00,2026-09-24,32.3,24.98,0.937,,,,,,,,,,,,,,
cacao-01-lote1-twin,2026-09-24 20:23:03.307000+00:00,2026-09-24,39.0,27.17,0.932,,,,,,,,,,,,,,
cacao-01-lote1-twin,2026-09-24 20:33:00.592000+00:00,2026-09-24,31.2,22.32,1.326,,,,,,,,,,,,,,
cacao-01-lote1-twin,2026-09-24 20:29:16.581000+00:00,2026-09-24,28.7,25.9,1.158,,,,,,,,,,,,,,
cacao-01-lote1-twin,2026-09-24 20:30:31.229000+00:00,2026-09-24,29.8,27.28,0.886,,,,,,,,,,,,,,
cacao-01-lote1-twin,2026-09-24 20:31:45.895000+00:00,2026-09-24,29.3,22.99,0.65,,,,,,,,,,,,,,
cacao-01-lote1-twin,2026-09-24 20:01:54.046000+00:00,2026-09-24,38.8,20.69,1.296,,,,,,,,,,,,,,
cacao-01-lote1-twin,2026-09-24 20:03:08.701000+00:00,2026-09-24,40.8,23.92,0.849,,,,,,,,,,,,,,
cacao-01-lote1-twin,2026-09-24 19:59:24.728000+00:00,2026-09-24,19.5,26.87,0.768,,,,,,,,,,,,,,
cacao-01-lote1-twin,2026-09-24 20:00:39.395000+00:00,2026-09-24,28.7,23.85,0.841,,,,,,,,,,,,,,
cacao-01-lote1-twin,2026-09-24 20:38:32.570000+00:00,2026-09-24,25.1,20.88,0.86,,,,,,,,,,,,,,
cacao-01-lote1-twin,2026-09-24 21:09:39.450000+00:00,2026-09-24,34.9,26.46,1.006,,,,,,,,,,,,,,
cacao-01-lote1-twin,2026-09-24 20:25:32.608000+00:00,2026-09-24,30.1,24.84,0.845,,,,,,,,,,,,,,
cacao-01-lote1-twin,2026-09-24 20:26:47.265000+00:00,2026-09-24,23.7,23.07,1.196,,,,,,,,,,,,,,
cacao-01-lote1-twin,2026-09-24 20:28:01.932000+00:00,2026-09-24,24.7,23.55,0.751,,,,,,,,,,,,,,
cacao-01-lote1-twin,2026-09-24 21:02:11.460000+00:00,2026-09-24,24.2,23.87,0.568,,,,,,,,,,,,,,
cacao-01-lote1-twin,2026-09-24 20:24:17.947000+00:00,2026-09-24,38.3,28.05,0.449,,,,,,,,,,,,,,
cacao-01-lote1-twin,2026-09-24 20:42:16.591000+00:00,2026-09-24,17.5,23.24,1.188,,,,,,,,,,,,,,
cacao-01-lote1-twin,2026-09-24 20:58:27.366000+00:00,2026-09-24,27.3,24.63,1.017,,,,,,,,,,,,,,
cacao-01-lote1-twin,2026-09-24 20:59:42.052000+00:00,2026-09-24,20.4,25.98,1.207,,,,,,,,,,,,,,
cacao-01-lote1-twin,2026-09-24 21:00:56.761000+00:00,2026-09-24,32.5,26.25,0.591,,,,,,,,,,,,,,
cacao-01-lote1-twin,2026-09-24 21:10:54.105000+00:00,2026-09-24,31.4,25.89,1.388,,,,,,,,,,,,,,
cacao-01-lote1-twin,2026-09-24 21:12:08.775000+00:00,2026-09-24,34.4,26.19,0.709,,,,,,,,,,,,,,
cacao-01-lote1-twin,2026-09-24 19:54:26.078000+00:00,2026-09-24,37.7,24.21,1.06,,,,,,,,,,,,,,
cacao-01-lote1-twin,2026-09-24 19:55:40.748000+00:00,2026-09-24,31.7,21.38,1.135,,,,,,,,,,,,,,
cacao-01-lote1-twin,2026-09-24 19:56:55.401000+00:00,2026-09-24,24.8,23.56,0.371,,,,,,,,,,,,,,
cacao-01-lote1-twin,2026-09-24 19:58:10.075000+00:00,2026-09-24,18.9,24.06,0.95,,,,,,,,,,,,,,
cacao-01-lote1-twin,2026-09-24 20:14:20.674000+00:00,2026-09-24,38.0,22.74,0.853,,,,,,,,,,,,,,
cacao-01-lote1-twin,2026-09-24 20:15:35.336000+00:00,2026-09-24,30.7,25.58,1.198,,,,,,,,,,,,,,
cacao-01-lote1-twin,2026-09-24 20:16:50.017000+00:00,2026-09-24,25.5,27.21,0.903,,,,,,,,,,,,,,
cacao-01-lote1-twin,2026-09-24 20:18:04.667000+00:00,2026-09-24,23.9,28.46,0.603,,,,,,,,,,,,,,
cacao-01-lote1-twin,2026-09-24 20:19:19.319000+00:00,2026-09-24,23.6,26.27,1.328,,,,,,,,,,,,,,
cacao-03-lote3-python,2026-09-24 20:28:48.235000+00:00,2026-09-24,16.8,26.0,0.657,21261.0,,,,,,,,,,,,,
cacao-03-lote3-python,2026-09-24 21:08:55.245000+00:00,2026-09-24,23.3,26.09,0.735,15071.0,,,,,,,,,,,,,
cacao-03-lote3-python,2026-09-24 19:53:59.092000+00:00,2026-09-24,18.0,26.2,0.674,25710.0,,,,,,,,,,,,,
cacao-03-lote3-python,2026-09-24 19:54:14.237000+00:00,2026-09-24,16.7,26.34,0.661,22602.0,,,,,,,,,,,,,
cacao-03-lote3-python,2026-09-24 20:23:45.441000+00:00,2026-09-24,17.4,26.31,0.647,21440.0,,,,,,,,,,,,,
cacao-03-lote3-python,2026-09-24 20:48:46.925000+00:00,2026-09-24,23.5,26.05,0.735,18606.0,,,,,,,,,,,,,
cacao-03-lote3-python,2026-09-24 20:49:27.197000+00:00,2026-09-24,23.4,26.15,0.728,17723.0,,,,,,,,,,,,,
cacao-03-lote3-python,2026-09-24 20:49:47.343000+00:00,2026-09-24,23.6,26.03,0.733,16337.0,,,,,,,,,,,,,
cacao-03-lote3-python,2026-09-24 20:50:07.473000+00:00,2026-09-24,22.7,26.08,0.734,16795.0,,,,,,,,,,,,,
cacao-03-lote3-python,2026-09-24 20:50:27.603000+00:00,2026-09-24,23.3,26.04,0.739,17414.0,,,,,,,,,,,,,
cacao-03-lote3-python,2026-09-24 20:50:47.763000+00:00,2026-09-24,22.7,26.19,0.724,16681.0,,,,,,,,,,,,,
cacao-03-lote3-python,2026-09-24 20:51:07.891000+00:00,2026-09-24,23.2,26.14,0.717,16261.0,,,,,,,,,,,,,
cacao-03-lote3-python,2026-09-24 20:51:28.018000+00:00,2026-09-24,23.1,26.18,0.736,16884.0,,,,,,,,,,,,,
cacao-03-lote3-python,2026-09-24 20:51:48.155000+00:00,2026-09-24,23.2,26.06,0.719,16232.0,,,,,,,,,,,,,
cacao-03-lote3-python,2026-09-24 20:52:08.282000+00:00,2026-09-24,23.3,26.1,0.741,16358.0,,,,,,,,,,,,,
cacao-03-lote3-python,2026-09-24 20:52:28.426000+00:00,2026-09-24,22.8,26.15,0.709,16556.0,,,,,,,,,,,,,
cacao-03-lote3-python,2026-09-24 20:52:48.586000+00:00,2026-09-24,22.8,26.35,0.74,17322.0,,,,,,,,,,,,,
cacao-03-lote3-python,2026-09-24 20:53:08.716000+00:00,2026-09-24,23.0,26.1,0.722,17081.0,,,,,,,,,,,,,
cacao-03-lote3-python,2026-09-24 20:53:28.857000+00:00,2026-09-24,23.3,26.28,0.733,16505.0,,,,,,,,,,,,,
cacao-03-lote3-python,2026-09-24 20:01:18.075000+00:00,2026-09-24,17.7,26.12,0.663,23401.0,,,,,,,,,,,,,
cacao-03-lote3-python,2026-09-24 20:01:33.203000+00:00,2026-09-24,17.5,26.2,0.645,24059.0,,,,,,,,,,,,,
cacao-03-lote3-python,2026-09-24 20:01:48.347000+00:00,2026-09-24,17.2,26.2,0.642,22768.0,,,,,,,,,,,,,
cacao-03-lote3-python,2026-09-24 20:04:04.644000+00:00,2026-09-24,17.6,26.16,0.655,24224.0,,,,,,,,,,,,,
cacao-03-lote3-python,2026-09-24 20:13:55.057000+00:00,2026-09-24,17.1,26.25,0.674,20799.0,,,,,,,,,,,,,
cacao-03-lote3-python,2026-09-24 20:39:23.082000+00:00,2026-09-24,22.9,25.99,0.718,20380.0,,,,,,,,,,,,,
cacao-03-lote3-python,2026-09-24 20:39:43.226000+00:00,2026-09-24,23.2,26.14,0.714,19116.0,,,,,,,,,,,,,
cacao-03-lote3-python,2026-09-24 20:40:03.356000+00:00,2026-09-24,23.6,26.13,0.724,19206.0,,,,,,,,,,,,,
cacao-03-lote3-python,2026-09-24 21:07:34.713000+00:00,2026-09-24,22.8,26.03,0.709,14457.0,,,,,,,,,,,,,
cacao-03-lote3-python,2026-09-24 21:07:54.857000+00:00,2026-09-24,23.8,25.96,0.734,14334.0,,,,,,,,,,,,,
cacao-03-lote3-python,2026-09-24 21:08:14.989000+00:00,2026-09-24,22.9,26.09,0.718,15888.0,,,,,,,,,,,,,
cacao-03-lote3-python,2026-09-24 21:08:35.116000+00:00,2026-09-24,22.9,26.05,0.731,16591.0,,,,,,,,,,,,,
cacao-03-lote3-python,2026-09-24 21:09:15.391000+00:00,2026-09-24,22.7,26.07,0.725,14629.0,,,,,,,,,,,,,
cacao-03-lote3-python,2026-09-24 21:09:35.522000+00:00,2026-09-24,22.7,25.91,0.727,14604.0,,,,,,,,,,,,,
cacao-03-lote3-python,2026-09-24 20:22:14.580000+00:00,2026-09-24,17.0,26.12,0.641,22483.0,,,,,,,,,,,,,
cacao-03-lote3-python,2026-09-24 20:22:29.739000+00:00,2026-09-24,16.7,26.33,0.651,21221.0,,,,,,,,,,,,,
cacao-03-lote3-python,2026-09-24 20:22:44.882000+00:00,2026-09-24,17.4,26.24,0.659,19693.0,,,,,,,,,,,,,
cacao-03-lote3-python,2026-09-24 20:23:00.024000+00:00,2026-09-24,17.3,26.14,0.659,21889.0,,,,,,,,,,,,,
cacao-03-lote3-python,2026-09-24 20:23:15.153000+00:00,2026-09-24,17.2,26.24,0.667,19412.0,,,,,,,,,,,,,
cacao-03-lote3-python,2026-09-24 20:23:30.311000+00:00,2026-09-24,17.5,26.18,0.651,19176.0,,,,,,,,,,,,,
cacao-03-lote3-python,2026-09-24 20:24:00.584000+00:00,2026-09-24,17.4,26.2,0.651,22293.0,,,,,,,,,,,,,
cacao-03-lote3-python,2026-09-24 20:40:23.514000+00:00,2026-09-24,23.2,26.11,0.719,19768.0,,,,,,,,,,,,,
cacao-03-lote3-python,2026-09-24 20:40:43.644000+00:00,2026-09-24,23.1,26.12,0.715,19037.0,,,,,,,,,,,,,
cacao-03-lote3-python,2026-09-24 20:41:03.775000+00:00,2026-09-24,23.2,26.11,0.732,18312.0,,,,,,,,,,,,,
cacao-03-lote3-python,2026-09-24 20:41:23.922000+00:00,2026-09-24,23.1,26.22,0.726,20049.0,,,,,,,,,,,,,
cacao-03-lote3-python,2026-09-24 20:41:44.051000+00:00,2026-09-24,22.9,26.36,0.725,17585.0,,,,,,,,,,,,,
cacao-03-lote3-python,2026-09-24 20:42:04.195000+00:00,2026-09-24,23.4,26.0,0.719,19929.0,,,,,,,,,,,,,
cacao-03-lote3-python,2026-09-24 20:42:24.321000+00:00,2026-09-24,23.0,26.23,0.739,17577.0,,,,,,,,,,,,,
cacao-03-lote3-python,2026-09-24 20:42:44.453000+00:00,2026-09-24,23.1,26.32,0.724,18411.0,,,,,,,,,,,,,
cacao-03-lote3-python,2026-09-24 20:43:04.580000+00:00,2026-09-24,23.6,26.26,0.721,19508.0,,,,,,,,,,,,,
cacao-03-lote3-python,2026-09-24 21:04:33.493000+00:00,2026-09-24,23.0,25.97,0.737,15630.0,,,,,,,,,,,,,
cacao-03-lote3-python,2026-09-24 21:04:53.625000+00:00,2026-09-24,22.7,25.86,0.712,15773.0,,,,,,,,,,,,,
cacao-03-lote3-python,2026-09-24 21:05:13.769000+00:00,2026-09-24,23.4,26.03,0.728,16307.0,,,,,,,,,,,,,
cacao-03-lote3-python,2026-09-24 21:05:33.913000+00:00,2026-09-24,22.9,26.06,0.741,15417.0,,,,,,,,,,,,,
cacao-03-lote3-python,2026-09-24 21:05:54.040000+00:00,2026-09-24,23.6,26.19,0.749,15604.0,,,,,,,,,,,,,
cacao-03-lote3-python,2026-09-24 21:06:14.169000+00:00,2026-09-24,22.5,25.97,0.711,14587.0,,,,,,,,,,,,,
cacao-03-lote3-python,2026-09-24 21:06:34.315000+00:00,2026-09-24,22.9,26.1,0.72,14768.0,,,,,,,,,,,,,
cacao-03-lote3-python,2026-09-24 21:06:54.446000+00:00,2026-09-24,23.2,26.04,0.738,14502.0,,,,,,,,,,,,,
cacao-03-lote3-python,2026-09-24 21:07:14.589000+00:00,2026-09-24,23.0,25.98,0.73,14566.0,,,,,,,,,,,,,
cacao-03-lote3-python,2026-09-24 20:04:19.789000+00:00,2026-09-24,17.4,26.17,0.653,22249.0,,,,,,,,,,,,,
cacao-03-lote3-python,2026-09-24 20:04:34.919000+00:00,2026-09-24,17.3,26.4,0.656,24244.0,,,,,,,,,,,,,
cacao-03-lote3-python,2026-09-24 20:04:50.046000+00:00,2026-09-24,17.6,26.31,0.635,21787.0,,,,,,,,,,,,,
cacao-03-lote3-python,2026-09-24 20:05:05.191000+00:00,2026-09-24,17.2,26.2,0.663,21276.0,,,,,,,,,,,,,
cacao-03-lote3-python,2026-09-24 20:05:20.333000+00:00,2026-09-24,17.8,26.05,0.654,23713.0,,,,,,,,,,,,,
cacao-03-lote3-python,2026-09-24 20:05:35.479000+00:00,2026-09-24,17.6,26.03,0.659,22402.0,,,,,,,,,,,,,
cacao-03-lote3-python,2026-09-24 20:05:50.623000+00:00,2026-09-24,17.8,26.19,0.679,24438.0,,,,,,,,,,,,,
cacao-03-lote3-python,2026-09-24 20:06:05.752000+00:00,2026-09-24,17.3,26.23,0.658,22772.0,,,,,,,,,,,,,
cacao-03-lote3-python,2026-09-24 20:06:20.893000+00:00,2026-09-24,17.1,26.21,0.635,22294.0,,,,,,,,,,,,,
cacao-03-lote3-python,2026-09-24 20:06:36.036000+00:00,2026-09-24,17.6,26.21,0.655,23235.0,,,,,,,,,,,,,
cacao-03-lote3-python,2026-09-24 20:06:51.195000+00:00,2026-09-24,17.5,26.3,0.681,23324.0,,,,,,,,,,,,,
cacao-03-lote3-python,2026-09-24 20:07:06.337000+00:00,2026-09-24,17.7,26.18,0.662,23318.0,,,,,,,,,,,,,
cacao-03-lote3-python,2026-09-24 20:29:03.394000+00:00,2026-09-24,17.4,26.12,0.659,19668.0,,,,,,,,,,,,,
cacao-03-lote3-python,2026-09-24 20:29:18.538000+00:00,2026-09-24,17.1,26.25,0.656,21268.0,,,,,,,,,,,,,
cacao-03-lote3-python,2026-09-24 20:29:33.667000+00:00,2026-09-24,17.4,26.12,0.667,19124.0,,,,,,,,,,,,,
cacao-03-lote3-python,2026-09-24 20:29:48.810000+00:00,2026-09-24,17.4,26.16,0.666,20170.0,,,,,,,,,,,,,
cacao-03-lote3-python,2026-09-24 20:30:03.937000+00:00,2026-09-24,17.1,26.3,0.638,20238.0,,,,,,,,,,,,,
cacao-03-lote3-python,2026-09-24 20:30:19.091000+00:00,2026-09-24,16.8,26.07,0.641,20016.0,,,,,,,,,,,,,
cacao-03-lote3-python,2026-09-24 20:30:34.214000+00:00,2026-09-24,17.2,26.12,0.651,18458.0,,,,,,,,,,,,,
cacao-03-lote3-python,2026-09-24 20:30:49.343000+00:00,2026-09-24,17.3,26.21,0.665,19556.0,,,,,,,,,,,,,
cacao-03-lote3-python,2026-09-24 20:31:04.485000+00:00,2026-09-24,16.9,26.06,0.656,21466.0,,,,,,,,,,,,,
cacao-03-lote3-python,2026-09-24 21:03:53.237000+00:00,2026-09-24,23.6,26.14,0.735,15594.0,,,,,,,,,,,,,
cacao-03-lote3-python,2026-09-24 21:04:13.366000+00:00,2026-09-24,22.6,26.06,0.715,16747.0,,,,,,,,,,,,,
cacao-03-lote3-python,2026-09-24 20:43:24.724000+00:00,2026-09-24,22.8,26.14,0.73,17536.0,,,,,,,,,,,,,
cacao-03-lote3-python,2026-09-24 20:43:44.869000+00:00,2026-09-24,22.7,25.95,0.712,19972.0,,,,,,,,,,,,,
cacao-03-lote3-python,2026-09-24 20:44:04.999000+00:00,2026-09-24,23.1,26.21,0.739,18545.0,,,,,,,,,,,,,
cacao-03-lote3-python,2026-09-24 20:44:25.129000+00:00,2026-09-24,22.9,26.29,0.717,19597.0,,,,,,,,,,,,,
cacao-03-lote3-python,2026-09-24 20:44:45.272000+00:00,2026-09-24,23.0,26.0,0.725,17498.0,,,,,,,,,,,,,
cacao-03-lote3-python,2026-09-24 20:45:05.401000+00:00,2026-09-24,23.0,26.06,0.717,19323.0,,,,,,,,,,,,,
cacao-03-lote3-python,2026-09-24 20:45:25.543000+00:00,2026-09-24,23.0,26.39,0.705,18751.0,,,,,,,,,,,,,
cacao-03-lote3-python,2026-09-24 20:45:45.672000+00:00,2026-09-24,23.3,25.97,0.736,19500.0,,,,,,,,,,,,,
cacao-03-lote3-python,2026-09-24 20:46:05.817000+00:00,2026-09-24,23.2,26.2,0.723,17923.0,,,,,,,,,,,,,
cacao-03-lote3-python,2026-09-24 20:46:25.945000+00:00,2026-09-24,23.3,26.2,0.737,18397.0,,,,,,,,,,,,,
cacao-03-lote3-python,2026-09-24 20:46:46.089000+00:00,2026-09-24,23.2,26.37,0.742,19432.0,,,,,,,,,,,,,
cacao-03-lote3-python,2026-09-24 20:47:06.216000+00:00,2026-09-24,22.7,26.13,0.718,17411.0,,,,,,,,,,,,,
cacao-03-lote3-python,2026-09-24 20:47:26.366000+00:00,2026-09-24,23.4,26.03,0.742,17030.0,,,,,,,,,,,,,
cacao-03-lote3-python,2026-09-24 20:47:46.503000+00:00,2026-09-24,23.8,26.14,0.737,18578.0,,,,,,,,,,,,,
cacao-03-lote3-python,2026-09-24 20:48:06.634000+00:00,2026-09-24,22.4,26.19,0.707,19206.0,,,,,,,,,,,,,
cacao-03-lote3-python,2026-09-24 20:48:26.782000+00:00,2026-09-24,23.0,26.17,0.736,16637.0,,,,,,,,,,,,,
cacao-03-lote3-python,2026-09-24 19:40:43.541000+00:00,2026-09-24,18.0,26.17,0.662,26147.0,,,,,,,,,,,,,
cacao-03-lote3-python,2026-09-24 19:40:58.684000+00:00,2026-09-24,17.4,26.2,0.637,25260.0,,,,,,,,,,,,,
cacao-03-lote3-python,2026-09-24 19:41:13.841000+00:00,2026-09-24,17.9,26.11,0.672,24468.0,,,,,,,,,,,,,
cacao-03-lote3-python,2026-09-24 19:41:28.972000+00:00,2026-09-24,17.8,25.87,0.665,24307.0,,,,,,,,,,,,,
cacao-03-lote3-python,2026-09-24 19:41:44.130000+00:00,2026-09-24,17.3,26.21,0.643,26011.0,,,,,,,,,,,,,
cacao-03-lote3-python,2026-09-24 19:41:59.257000+00:00,2026-09-24,17.4,26.14,0.648,27073.0,,,,,,,,,,,,,
cacao-03-lote3-python,2026-09-24 19:42:14.385000+00:00,2026-09-24,17.9,26.17,0.666,23497.0,,,,,,,,,,,,,
cacao-03-lote3-python,2026-09-24 20:31:19.612000+00:00,2026-09-24,17.4,26.25,0.668,19377.0,,,,,,,,,,,,,
cacao-03-lote3-python,2026-09-24 20:31:34.752000+00:00,2026-09-24,23.5,26.29,0.725,20427.0,,,,,,,,,,,,,
cacao-03-lote3-python,2026-09-24 20:31:49.879000+00:00,2026-09-24,23.5,26.11,0.72,19270.0,,,,,,,,,,,,,
cacao-03-lote3-python,2026-09-24 20:32:05.040000+00:00,2026-09-24,23.2,26.17,0.724,20815.0,,,,,,,,,,,,,
cacao-03-lote3-python,2026-09-24 20:32:20.167000+00:00,2026-09-24,23.0,26.12,0.723,20499.0,,,,,,,,,,,,,
cacao-03-lote3-python,2026-09-24 20:32:40.297000+00:00,2026-09-24,23.1,26.14,0.723,20431.0,,,,,,,,,,,,,
cacao-03-lote3-python,2026-09-24 20:33:00.427000+00:00,2026-09-24,22.9,26.18,0.729,19347.0,,,,,,,,,,,,,
cacao-03-lote3-python,2026-09-24 20:33:20.574000+00:00,2026-09-24,23.7,26.26,0.732,18159.0,,,,,,,,,,,,,
cacao-03-lote3-python,2026-09-24 20:33:40.715000+00:00,2026-09-24,22.9,26.07,0.724,19309.0,,,,,,,,,,,,,
cacao-03-lote3-python,2026-09-24 20:34:00.846000+00:00,2026-09-24,23.1,26.3,0.735,18127.0,,,,,,,,,,,,,
cacao-03-lote3-python,2026-09-24 20:34:20.990000+00:00,2026-09-24,23.5,26.37,0.747,20650.0,,,,,,,,,,,,,
cacao-03-lote3-python,2026-09-24 20:34:41.119000+00:00,2026-09-24,23.5,26.25,0.738,20498.0,,,,,,,,,,,,,
cacao-03-lote3-python,2026-09-24 20:07:21.479000+00:00,2026-09-24,17.3,26.15,0.663,21732.0,,,,,,,,,,,,,
cacao-03-lote3-python,2026-09-24 20:07:36.623000+00:00,2026-09-24,17.1,26.1,0.661,23121.0,,,,,,,,,,,,,
cacao-03-lote3-python,2026-09-24 20:07:51.753000+00:00,2026-09-24,17.1,26.09,0.667,23853.0,,,,,,,,,,,,,
cacao-03-lote3-python,2026-09-24 20:08:06.880000+00:00,2026-09-24,17.5,26.15,0.676,20837.0,,,,,,,,,,,,,
cacao-03-lote3-python,2026-09-24 20:08:22.022000+00:00,2026-09-24,17.3,26.35,0.649,21044.0,,,,,,,,,,,,,
cacao-03-lote3-python,2026-09-24 20:08:37.166000+00:00,2026-09-24,17.5,26.07,0.645,23660.0,,,,,,,,,,,,,
cacao-03-lote3-python,2026-09-24 19:30:46.605000+00:00,2026-09-24,17.4,26.11,0.664,24968.0,,,,,,,,,,,,,
cacao-03-lote3-python,2026-09-24 19:30:49.872000+00:00,2026-09-24,17.4,26.19,0.654,25867.0,,,,,,,,,,,,,
cacao-03-lote3-python,2026-09-24 19:52:28.233000+00:00,2026-09-24,18.0,26.2,0.673,22206.0,,,,,,,,,,,,,
cacao-03-lote3-python,2026-09-24 19:52:43.375000+00:00,2026-09-24,17.4,26.13,0.643,23527.0,,,,,,,,,,,,,
cacao-03-lote3-python,2026-09-24 19:52:58.535000+00:00,2026-09-24,17.1,26.36,0.659,25726.0,,,,,,,,,,,,,
cacao-03-lote3-python,2026-09-24 19:53:13.663000+00:00,2026-09-24,17.7,26.34,0.64,23521.0,,,,,,,,,,,,,
cacao-03-lote3-python,2026-09-24 20:08:52.292000+00:00,2026-09-24,17.6,26.22,0.684,23982.0,,,,,,,,,,,,,
cacao-03-lote3-python,2026-09-24 20:09:07.452000+00:00,2026-09-24,17.2,26.18,0.66,22936.0,,,,,,,,,,,,,
cacao-03-lote3-python,2026-09-24 20:14:10.199000+00:00,2026-09-24,17.1,26.38,0.657,20694.0,,,,,,,,,,,,,
cacao-03-lote3-python,2026-09-24 20:35:21.392000+00:00,2026-09-24,22.9,26.1,0.73,19191.0,,,,,,,,,,,,,
cacao-03-lote3-python,2026-09-24 20:35:41.535000+00:00,2026-09-24,23.2,26.12,0.741,20574.0,,,,,,,,,,,,,
cacao-03-lote3-python,2026-09-24 20:36:01.680000+00:00,2026-09-24,22.8,26.11,0.719,18623.0,,,,,,,,,,,,,
cacao-03-lote3-python,2026-09-24 20:36:21.808000+00:00,2026-09-24,22.9,26.13,0.728,20193.0,,,,,,,,,,,,,
cacao-03-lote3-python,2026-09-24 20:36:41.951000+00:00,2026-09-24,23.4,26.14,0.726,18821.0,,,,,,,,,,,,,
cacao-03-lote3-python,2026-09-24 20:37:02.097000+00:00,2026-09-24,22.9,26.19,0.738,18937.0,,,,,,,,,,,,,
cacao-03-lote3-python,2026-09-24 20:37:22.242000+00:00,2026-09-24,22.9,26.11,0.716,18884.0,,,,,,,,,,,,,
cacao-03-lote3-python,2026-09-24 20:37:42.400000+00:00,2026-09-24,23.2,26.13,0.724,18199.0,,,,,,,,,,,,,
cacao-03-lote3-python,2026-09-24 20:38:02.515000+00:00,2026-09-24,23.3,26.21,0.725,19306.0,,,,,,,,,,,,,
cacao-03-lote3-python,2026-09-24 20:49:07.054000+00:00,2026-09-24,22.8,26.3,0.727,18712.0,,,,,,,,,,,,,
cacao-03-lote3-python,2026-09-24 21:09:55.652000+00:00,2026-09-24,23.1,26.01,0.737,14455.0,,,,,,,,,,,,,
cacao-03-lote3-python,2026-09-24 21:10:15.795000+00:00,2026-09-24,23.0,26.11,0.735,14307.0,,,,,,,,,,,,,
cacao-03-lote3-python,2026-09-24 21:10:35.937000+00:00,2026-09-24,23.3,26.02,0.727,15838.0,,,,,,,,,,,,,
cacao-03-lote3-python,2026-09-24 21:10:56.095000+00:00,2026-09-24,22.7,26.05,0.714,16241.0,,,,,,,,,,,,,
cacao-03-lote3-python,2026-09-24 21:11:16.238000+00:00,2026-09-24,22.9,26.05,0.725,15358.0,,,,,,,,,,,,,
cacao-03-lote3-python,2026-09-24 21:11:36.383000+00:00,2026-09-24,23.4,25.99,0.735,15028.0,,,,,,,,,,,,,
cacao-03-lote3-python,2026-09-24 21:11:56.526000+00:00,2026-09-24,23.1,26.24,0.719,14586.0,,,,,,,,,,,,,
cacao-03-lote3-python,2026-09-24 21:12:16.668000+00:00,2026-09-24,23.1,25.91,0.73,14485.0,,,,,,,,,,,,,
cacao-03-lote3-python,2026-09-24 21:12:36.813000+00:00,2026-09-24,23.3,25.97,0.723,15172.0,,,,,,,,,,,,,
cacao-03-lote3-python,2026-09-24 21:12:56.941000+00:00,2026-09-24,22.7,26.14,0.736,14451.0,,,,,,,,,,,,,
cacao-03-lote3-python,2026-09-24 21:13:17.082000+00:00,2026-09-24,23.3,26.03,0.725,15999.0,,,,,,,,,,,,,
cacao-03-lote3-python,2026-09-24 21:13:37.214000+00:00,2026-09-24,23.2,25.93,0.738,15854.0,,,,,,,,,,,,,
cacao-03-lote3-python,2026-09-24 21:13:57.342000+00:00,2026-09-24,23.0,25.95,0.742,15650.0,,,,,,,,,,,,,
cacao-03-lote3-python,2026-09-24 20:20:28.621000+00:00,2026-09-24,17.2,26.41,0.668,19877.0,,,,,,,,,,,,,
cacao-03-lote3-python,2026-09-24 20:20:43.766000+00:00,2026-09-24,17.3,26.08,0.646,22107.0,,,,,,,,,,,,,
cacao-03-lote3-python,2026-09-24 20:20:58.894000+00:00,2026-09-24,17.3,26.28,0.644,19593.0,,,,,,,,,,,,,
cacao-03-lote3-python,2026-09-24 20:21:14.024000+00:00,2026-09-24,18.0,26.26,0.673,22440.0,,,,,,,,,,,,,
cacao-03-lote3-python,2026-09-24 20:21:29.166000+00:00,2026-09-24,17.6,26.12,0.654,20083.0,,,,,,,,,,,,,
cacao-03-lote3-python,2026-09-24 20:21:44.308000+00:00,2026-09-24,16.9,26.09,0.658,20213.0,,,,,,,,,,,,,
cacao-03-lote3-python,2026-09-24 20:21:59.453000+00:00,2026-09-24,16.9,26.05,0.656,19740.0,,,,,,,,,,,,,
cacao-03-lote3-python,2026-09-24 20:24:15.710000+00:00,2026-09-24,17.3,25.99,0.663,22130.0,,,,,,,,,,,,,
cacao-03-lote3-python,2026-09-24 20:24:30.853000+00:00,2026-09-24,17.1,26.34,0.662,20666.0,,,,,,,,,,,,,
cacao-03-lote3-python,2026-09-24 20:24:45.995000+00:00,2026-09-24,16.9,26.1,0.651,21726.0,,,,,,,,,,,,,
cacao-03-lote3-python,2026-09-24 20:25:01.137000+00:00,2026-09-24,17.5,26.18,0.648,19111.0,,,,,,,,,,,,,
cacao-03-lote3-python,2026-09-24 20:25:16.281000+00:00,2026-09-24,16.7,26.2,0.655,19949.0,,,,,,,,,,,,,
cacao-03-lote3-python,2026-09-24 20:25:31.423000+00:00,2026-09-24,16.7,26.08,0.646,20266.0,,,,,,,,,,,,,
cacao-03-lote3-python,2026-09-24 20:25:46.565000+00:00,2026-09-24,17.4,26.19,0.661,21725.0,,,,,,,,,,,,,
cacao-03-lote3-python,2026-09-24 20:26:01.708000+00:00,2026-09-24,17.3,26.21,0.654,19316.0,,,,,,,,,,,,,
cacao-03-lote3-python,2026-09-24 20:35:01.265000+00:00,2026-09-24,23.0,26.04,0.73,18280.0,,,,,,,,,,,,,
cacao-03-lote3-python,2026-09-24 20:53:49.003000+00:00,2026-09-24,23.4,26.07,0.738,17627.0,,,,,,,,,,,,,
cacao-03-lote3-python,2026-09-24 20:54:09.132000+00:00,2026-09-24,22.6,26.11,0.728,16668.0,,,,,,,,,,,,,
cacao-03-lote3-python,2026-09-24 20:54:29.260000+00:00,2026-09-24,22.8,26.03,0.706,16947.0,,,,,,,,,,,,,
cacao-03-lote3-python,2026-09-24 20:54:49.391000+00:00,2026-09-24,23.5,25.97,0.735,17364.0,,,,,,,,,,,,,
cacao-03-lote3-python,2026-09-24 20:55:09.539000+00:00,2026-09-24,22.7,26.12,0.731,16869.0,,,,,,,,,,,,,
cacao-03-lote3-python,2026-09-24 20:55:29.681000+00:00,2026-09-24,22.5,25.88,0.709,17217.0,,,,,,,,,,,,,
cacao-03-lote3-python,2026-09-24 20:55:49.823000+00:00,2026-09-24,23.1,26.09,0.73,16201.0,,,,,,,,,,,,,
cacao-03-lote3-python,2026-09-24 20:56:09.967000+00:00,2026-09-24,22.7,26.08,0.729,17605.0,,,,,,,,,,,,,
cacao-03-lote3-python,2026-09-24 21:02:32.689000+00:00,2026-09-24,22.9,26.14,0.706,15722.0,,,,,,,,,,,,,
cacao-03-lote3-python,2026-09-24 21:02:52.835000+00:00,2026-09-24,22.9,25.92,0.728,15333.0,,,,,,,,,,,,,
cacao-03-lote3-python,2026-09-24 21:03:12.967000+00:00,2026-09-24,22.9,26.1,0.719,16046.0,,,,,,,,,,,,,
cacao-03-lote3-python,2026-09-24 21:03:33.094000+00:00,2026-09-24,23.0,26.03,0.736,16031.0,,,,,,,,,,,,,
cacao-03-lote3-python,2026-09-24 21:14:17.481000+00:00,2026-09-24,23.0,26.28,0.726,15282.0,,,,,,,,,,,,,
cacao-03-lote3-python,2026-09-24 19:59:32.120000+00:00,2026-09-24,17.3,26.13,0.648,22412.0,,,,,,,,,,,,,
cacao-03-lote3-python,2026-09-24 19:59:47.249000+00:00,2026-09-24,17.8,26.23,0.665,22458.0,,,,,,,,,,,,,
cacao-03-lote3-python,2026-09-24 20:00:02.375000+00:00,2026-09-24,17.6,26.23,0.65,24178.0,,,,,,,,,,,,,
cacao-03-lote3-python,2026-09-24 20:00:17.520000+00:00,2026-09-24,17.6,26.13,0.654,23979.0,,,,,,,,,,,,,
cacao-03-lote3-python,2026-09-24 20:00:32.675000+00:00,2026-09-24,17.8,26.16,0.653,21842.0,,,,,,,,,,,,,
cacao-03-lote3-python,2026-09-24 20:00:47.805000+00:00,2026-09-24,17.4,26.09,0.644,22069.0,,,,,,,,,,,,,
cacao-03-lote3-python,2026-09-24 20:01:02.948000+00:00,2026-09-24,17.7,26.3,0.661,23210.0,,,,,,,,,,,,,
cacao-03-lote3-python,2026-09-24 20:02:03.488000+00:00,2026-09-24,17.2,26.16,0.667,21358.0,,,,,,,,,,,,,
cacao-03-lote3-python,2026-09-24 20:38:22.662000+00:00,2026-09-24,23.5,26.32,0.724,18864.0,,,,,,,,,,,,,
cacao-03-lote3-python,2026-09-24 20:38:42.806000+00:00,2026-09-24,23.5,25.95,0.734,19782.0,,,,,,,,,,,,,
cacao-03-lote3-python,2026-09-24 20:39:02.936000+00:00,2026-09-24,23.4,26.26,0.742,19007.0,,,,,,,,,,,,,
cacao-03-lote3-python,2026-09-24 20:56:30.095000+00:00,2026-09-24,23.3,26.25,0.739,15990.0,,,,,,,,,,,,,
cacao-03-lote3-python,2026-09-24 20:56:50.256000+00:00,2026-09-24,22.6,26.12,0.704,17823.0,,,,,,,,,,,,,
cacao-03-lote3-python,2026-09-24 20:57:10.383000+00:00,2026-09-24,23.4,26.04,0.738,17730.0,,,,,,,,,,,,,
cacao-03-lote3-python,2026-09-24 20:57:30.511000+00:00,2026-09-24,22.7,26.07,0.702,16439.0,,,,,,,,,,,,,
cacao-03-lote3-python,2026-09-24 20:57:50.657000+00:00,2026-09-24,23.5,26.01,0.732,15855.0,,,,,,,,,,,,,
cacao-03-lote3-python,2026-09-24 20:58:10.797000+00:00,2026-09-24,23.0,26.05,0.712,15726.0,,,,,,,,,,,,,
cacao-03-lote3-python,2026-09-24 20:58:30.940000+00:00,2026-09-24,23.3,26.12,0.724,16240.0,,,,,,,,,,,,,
cacao-03-lote3-python,2026-09-24 20:58:51.083000+00:00,2026-09-24,22.6,26.19,0.716,15884.0,,,,,,,,,,,,,
cacao-03-lote3-python,2026-09-24 20:59:11.214000+00:00,2026-09-24,22.8,26.27,0.751,17859.0,,,,,,,,,,,,,
cacao-03-lote3-python,2026-09-24 20:59:31.345000+00:00,2026-09-24,23.5,26.03,0.714,17783.0,,,,,,,,,,,,,
cacao-03-lote3-python,2026-09-24 20:59:51.492000+00:00,2026-09-24,23.7,26.09,0.717,16241.0,,,,,,,,,,,,,
cacao-03-lote3-python,2026-09-24 21:00:11.636000+00:00,2026-09-24,22.3,26.06,0.711,17765.0,,,,,,,,,,,,,
cacao-03-lote3-python,2026-09-24 21:00:31.777000+00:00,2026-09-24,22.4,26.26,0.72,16714.0,,,,,,,,,,,,,
cacao-03-lote3-python,2026-09-24 21:00:51.905000+00:00,2026-09-24,23.1,26.0,0.714,16565.0,,,,,,,,,,,,,
cacao-03-lote3-python,2026-09-24 21:01:12.033000+00:00,2026-09-24,23.3,26.07,0.744,15179.0,,,,,,,,,,,,,
cacao-03-lote3-python,2026-09-24 21:01:32.178000+00:00,2026-09-24,22.8,26.04,0.722,15693.0,,,,,,,,,,,,,
cacao-03-lote3-python,2026-09-24 21:01:52.401000+00:00,2026-09-24,22.9,25.95,0.733,15130.0,,,,,,,,,,,,,
cacao-03-lote3-python,2026-09-24 21:02:12.546000+00:00,2026-09-24,23.1,26.04,0.722,16397.0,,,,,,,,,,,,,
cacao-03-lote3-python,2026-09-24 20:09:22.581000+00:00,2026-09-24,17.2,26.18,0.659,23263.0,,,,,,,,,,,,,
cacao-03-lote3-python,2026-09-24 20:09:37.724000+00:00,2026-09-24,17.5,26.08,0.655,21034.0,,,,,,,,,,,,,
cacao-03-lote3-python,2026-09-24 20:09:52.882000+00:00,2026-09-24,17.2,26.03,0.647,22817.0,,,,,,,,,,,,,
cacao-03-lote3-python,2026-09-24 20:10:08.010000+00:00,2026-09-24,17.9,26.16,0.665,21220.0,,,,,,,,,,,,,
cacao-03-lote3-python,2026-09-24 20:10:23.141000+00:00,2026-09-24,17.6,26.18,0.668,20970.0,,,,,,,,,,,,,
cacao-03-lote3-python,2026-09-24 20:10:38.270000+00:00,2026-09-24,17.3,26.19,0.639,21782.0,,,,,,,,,,,,,
cacao-03-lote3-python,2026-09-24 20:10:53.412000+00:00,2026-09-24,17.3,26.18,0.664,21959.0,,,,,,,,,,,,,
cacao-03-lote3-python,2026-09-24 20:11:08.539000+00:00,2026-09-24,17.8,26.19,0.677,23724.0,,,,,,,,,,,,,
cacao-03-lote3-python,2026-09-24 20:11:23.684000+00:00,2026-09-24,17.6,26.4,0.682,22505.0,,,,,,,,,,,,,
cacao-03-lote3-python,2026-09-24 20:11:38.813000+00:00,2026-09-24,17.0,26.15,0.664,20548.0,,,,,,,,,,,,,
cacao-03-lote3-python,2026-09-24 20:11:53.956000+00:00,2026-09-24,17.5,26.23,0.674,22991.0,,,,,,,,,,,,,
cacao-03-lote3-python,2026-09-24 20:12:09.083000+00:00,2026-09-24,17.6,26.29,0.667,22959.0,,,,,,,,,,,,,
cacao-03-lote3-python,2026-09-24 20:12:24.226000+00:00,2026-09-24,18.1,26.16,0.668,21802.0,,,,,,,,,,,,,
cacao-03-lote3-python,2026-09-24 20:12:39.355000+00:00,2026-09-24,17.6,26.1,0.668,22180.0,,,,,,,,,,,,,
cacao-03-lote3-python,2026-09-24 20:12:54.500000+00:00,2026-09-24,17.8,26.2,0.66,20521.0,,,,,,,,,,,,,
cacao-03-lote3-python,2026-09-24 20:13:09.626000+00:00,2026-09-24,17.6,26.23,0.656,20357.0,,,,,,,,,,,,,
cacao-03-lote3-python,2026-09-24 20:13:24.770000+00:00,2026-09-24,17.1,26.04,0.662,21711.0,,,,,,,,,,,,,
cacao-03-lote3-python,2026-09-24 20:13:39.914000+00:00,2026-09-24,17.0,26.11,0.655,20502.0,,,,,,,,,,,,,
cacao-03-lote3-python,2026-09-24 20:17:11.837000+00:00,2026-09-24,17.2,25.98,0.65,22749.0,,,,,,,,,,,,,
cacao-03-lote3-python,2026-09-24 20:17:26.995000+00:00,2026-09-24,16.9,26.36,0.635,21202.0,,,,,,,,,,,,,
cacao-03-lote3-python,2026-09-24 20:17:42.122000+00:00,2026-09-24,17.9,26.02,0.682,20962.0,,,,,,,,,,,,,
cacao-03-lote3-python,2026-09-24 20:17:57.249000+00:00,2026-09-24,17.2,26.24,0.663,22731.0,,,,,,,,,,,,,
cacao-03-lote3-python,2026-09-24 20:18:12.378000+00:00,2026-09-24,16.7,26.13,0.666,22873.0,,,,,,,,,,,,,
cacao-03-lote3-python,2026-09-24 20:18:27.537000+00:00,2026-09-24,17.2,26.22,0.644,20326.0,,,,,,,,,,,,,
cacao-03-lote3-python,2026-09-24 20:18:42.680000+00:00,2026-09-24,17.3,26.24,0.64,21017.0,,,,,,,,,,,,,
cacao-03-lote3-python,2026-09-24 20:18:57.824000+00:00,2026-09-24,17.4,26.15,0.646,21457.0,,,,,,,,,,,,,
cacao-03-lote3-python,2026-09-24 19:40:28.396000+00:00,2026-09-24,17.3,26.12,0.65,26329.0,,,,,,,,,,,,,
cacao-03-lote3-python,2026-09-24 19:40:13.269000+00:00,2026-09-24,17.5,26.3,0.654,24690.0,,,,,,,,,,,,,
cacao-03-lote3-python,2026-09-24 19:39:58.127000+00:00,2026-09-24,17.8,26.2,0.662,26751.0,,,,,,,,,,,,,
cacao-03-lote3-python,2026-09-24 19:39:42.981000+00:00,2026-09-24,17.1,26.11,0.663,25071.0,,,,,,,,,,,,,
cacao-03-lote3-python,2026-09-24 19:53:28.805000+00:00,2026-09-24,17.6,26.24,0.662,23331.0,,,,,,,,,,,,,
cacao-03-lote3-python,2026-09-24 19:53:43.948000+00:00,2026-09-24,17.4,26.38,0.671,24593.0,,,,,,,,,,,,,
cacao-03-lote3-python,2026-09-24 19:54:29.384000+00:00,2026-09-24,17.7,26.15,0.671,24154.0,,,,,,,,,,,,,
cacao-03-lote3-python,2026-09-24 19:54:44.519000+00:00,2026-09-24,17.5,26.06,0.658,22026.0,,,,,,,,,,,,,
cacao-03-lote3-python,2026-09-24 19:54:59.647000+00:00,2026-09-24,16.7,26.33,0.65,24541.0,,,,,,,,,,,,,
cacao-03-lote3-python,2026-09-24 19:55:14.790000+00:00,2026-09-24,16.9,26.13,0.654,22573.0,,,,,,,,,,,,,
cacao-03-lote3-python,2026-09-24 19:55:29.916000+00:00,2026-09-24,17.3,26.17,0.661,25580.0,,,,,,,,,,,,,
cacao-03-lote3-python,2026-09-24 19:55:45.045000+00:00,2026-09-24,17.2,26.35,0.655,23608.0,,,,,,,,,,,,,
cacao-03-lote3-python,2026-09-24 19:56:00.173000+00:00,2026-09-24,17.4,26.22,0.675,21933.0,,,,,,,,,,,,,
cacao-03-lote3-python,2026-09-24 19:56:15.298000+00:00,2026-09-24,17.7,26.17,0.666,23516.0,,,,,,,,,,,,,
cacao-03-lote3-python,2026-09-24 19:56:30.445000+00:00,2026-09-24,17.6,26.07,0.652,23146.0,,,,,,,,,,,,,
cacao-03-lote3-python,2026-09-24 19:56:45.592000+00:00,2026-09-24,17.9,26.18,0.663,25059.0,,,,,,,,,,,,,
cacao-03-lote3-python,2026-09-24 19:57:00.734000+00:00,2026-09-24,17.6,26.26,0.669,22800.0,,,,,,,,,,,,,
cacao-03-lote3-python,2026-09-24 19:57:15.879000+00:00,2026-09-24,17.3,26.29,0.663,25057.0,,,,,,,,,,,,,
cacao-03-lote3-python,2026-09-24 19:57:31.007000+00:00,2026-09-24,16.8,26.06,0.65,23670.0,,,,,,,,,,,,,
cacao-03-lote3-python,2026-09-24 19:57:46.149000+00:00,2026-09-24,17.3,26.06,0.647,23253.0,,,,,,,,,,,,,
cacao-03-lote3-python,2026-09-24 19:58:01.277000+00:00,2026-09-24,17.1,26.16,0.649,24111.0,,,,,,,,,,,,,
cacao-03-lote3-python,2026-09-24 19:58:16.405000+00:00,2026-09-24,17.3,26.07,0.66,23699.0,,,,,,,,,,,,,
cacao-03-lote3-python,2026-09-24 19:58:31.546000+00:00,2026-09-24,17.8,26.11,0.65,21639.0,,,,,,,,,,,,,
cacao-03-lote3-python,2026-09-24 19:58:46.691000+00:00,2026-09-24,17.5,26.26,0.657,24263.0,,,,,,,,,,,,,
cacao-03-lote3-python,2026-09-24 19:59:01.833000+00:00,2026-09-24,17.5,26.15,0.674,22653.0,,,,,,,,,,,,,
cacao-03-lote3-python,2026-09-24 19:59:16.976000+00:00,2026-09-24,17.6,26.06,0.656,21679.0,,,,,,,,,,,,,
cacao-03-lote3-python,2026-09-24 20:02:18.632000+00:00,2026-09-24,17.1,26.33,0.665,24038.0,,,,,,,,,,,,,
cacao-03-lote3-python,2026-09-24 20:02:33.804000+00:00,2026-09-24,17.3,26.16,0.652,21746.0,,,,,,,,,,,,,
cacao-03-lote3-python,2026-09-24 20:02:48.946000+00:00,2026-09-24,18.1,26.13,0.665,22706.0,,,,,,,,,,,,,
cacao-03-lote3-python,2026-09-24 20:03:04.089000+00:00,2026-09-24,17.4,26.22,0.661,21611.0,,,,,,,,,,,,,
cacao-03-lote3-python,2026-09-24 20:03:19.234000+00:00,2026-09-24,17.4,26.15,0.663,23477.0,,,,,,,,,,,,,
cacao-03-lote3-python,2026-09-24 20:03:34.375000+00:00,2026-09-24,17.4,26.12,0.665,22834.0,,,,,,,,,,,,,
cacao-03-lote3-python,2026-09-24 20:03:49.517000+00:00,2026-09-24,17.7,26.07,0.667,21964.0,,,,,,,,,,,,,
cacao-03-lote3-python,2026-09-24 20:14:25.341000+00:00,2026-09-24,17.6,26.34,0.665,23191.0,,,,,,,,,,,,,
cacao-03-lote3-python,2026-09-24 20:14:40.469000+00:00,2026-09-24,17.5,26.12,0.661,21859.0,,,,,,,,,,,,,
cacao-03-lote3-python,2026-09-24 20:14:55.627000+00:00,2026-09-24,16.8,26.05,0.652,20410.0,,,,,,,,,,,,,
cacao-03-lote3-python,2026-09-24 20:15:10.757000+00:00,2026-09-24,17.1,26.23,0.626,20883.0,,,,,,,,,,,,,
cacao-03-lote3-python,2026-09-24 20:15:25.897000+00:00,2026-09-24,17.2,26.21,0.668,23222.0,,,,,,,,,,,,,
cacao-03-lote3-python,2026-09-24 20:15:41.024000+00:00,2026-09-24,17.1,26.26,0.663,22867.0,,,,,,,,,,,,,
cacao-03-lote3-python,2026-09-24 20:15:56.170000+00:00,2026-09-24,16.9,26.13,0.646,20933.0,,,,,,,,,,,,,
cacao-03-lote3-python,2026-09-24 20:16:11.296000+00:00,2026-09-24,17.7,26.29,0.656,20374.0,,,,,,,,,,,,,
cacao-03-lote3-python,2026-09-24 20:16:26.425000+00:00,2026-09-24,17.6,26.29,0.653,20562.0,,,,,,,,,,,,,
cacao-03-lote3-python,2026-09-24 20:16:41.583000+00:00,2026-09-24,17.0,26.19,0.656,21649.0,,,,,,,,,,,,,
cacao-03-lote3-python,2026-09-24 20:16:56.709000+00:00,2026-09-24,16.8,26.12,0.641,20134.0,,,,,,,,,,,,,
cacao-03-lote3-python,2026-09-24 20:19:12.953000+00:00,2026-09-24,17.1,26.13,0.667,21987.0,,,,,,,,,,,,,
cacao-03-lote3-python,2026-09-24 20:19:28.081000+00:00,2026-09-24,16.9,26.26,0.663,20672.0,,,,,,,,,,,,,
cacao-03-lote3-python,2026-09-24 20:19:43.211000+00:00,2026-09-24,17.5,26.14,0.65,20300.0,,,,,,,,,,,,,
cacao-03-lote3-python,2026-09-24 20:19:58.353000+00:00,2026-09-24,17.1,26.25,0.656,20522.0,,,,,,,,,,,,,
cacao-03-lote3-python,2026-09-24 20:20:13.481000+00:00,2026-09-24,16.9,26.12,0.653,21260.0,,,,,,,,,,,,,
cacao-03-lote3-python,2026-09-24 20:26:16.837000+00:00,2026-09-24,17.2,26.16,0.656,21572.0,,,,,,,,,,,,,
cacao-03-lote3-python,2026-09-24 20:26:31.992000+00:00,2026-09-24,17.3,26.17,0.655,20646.0,,,,,,,,,,,,,
cacao-03-lote3-python,2026-09-24 20:26:47.121000+00:00,2026-09-24,16.7,26.17,0.633,20796.0,,,,,,,,,,,,,
cacao-03-lote3-python,2026-09-24 20:27:02.248000+00:00,2026-09-24,17.6,26.35,0.666,22031.0,,,,,,,,,,,,,
cacao-03-lote3-python,2026-09-24 20:27:17.390000+00:00,2026-09-24,17.0,26.33,0.649,21062.0,,,,,,,,,,,,,
cacao-03-lote3-python,2026-09-24 20:27:32.517000+00:00,2026-09-24,16.9,26.16,0.656,20016.0,,,,,,,,,,,,,
cacao-03-lote3-python,2026-09-24 20:27:47.661000+00:00,2026-09-24,17.7,26.24,0.671,21562.0,,,,,,,,,,,,,
cacao-03-lote3-python,2026-09-24 20:28:02.804000+00:00,2026-09-24,17.3,26.19,0.672,20036.0,,,,,,,,,,,,,
cacao-03-lote3-python,2026-09-24 20:28:17.946000+00:00,2026-09-24,17.1,25.93,0.657,21793.0,,,,,,,,,,,,,
cacao-03-lote3-python,2026-09-24 20:28:33.092000+00:00,2026-09-24,17.8,26.13,0.669,21304.0,,,,,,,,,,,,,
cacao-04-aire-api,2026-09-24 20:09:52.554000+00:00,2026-09-24,,,,,7.6,7.8,50.0,63.0,,,,,,,,,
cacao-04-aire-api,2026-09-24 21:10:09.607000+00:00,2026-09-24,,,,,8.8,9.0,62.0,73.0,,,,,,,,,
cacao-04-aire-api,2026-09-24 19:44:45.536000+00:00,2026-09-24,,,,,8.3,8.5,50.0,61.0,,,,,,,,,
cacao-04-aire-api,2026-09-24 19:59:49.734000+00:00,2026-09-24,,,,,8.3,8.5,50.0,62.0,,,,,,,,,
cacao-04-aire-api,2026-09-24 21:00:06.790000+00:00,2026-09-24,,,,,8.8,9.0,62.0,73.0,,,,,,,,,
cacao-04-aire-api,2026-09-24 19:39:44.122000+00:00,2026-09-24,,,,,8.3,8.5,50.0,61.0,,,,,,,,,
cacao-04-aire-api,2026-09-24 20:24:56.700000+00:00,2026-09-24,,,,,7.6,7.8,50.0,65.0,,,,,,,,,
cacao-04-aire-api,2026-09-24 20:34:59.640000+00:00,2026-09-24,,,,,7.6,7.8,50.0,67.0,,,,,,,,,
cacao-04-aire-api,2026-09-24 20:55:05.241000+00:00,2026-09-24,,,,,7.6,7.8,50.0,70.0,,,,,,,,,
cacao-04-aire-api,2026-09-24 20:40:01.075000+00:00,2026-09-24,,,,,7.6,7.8,50.0,67.0,,,,,,,,,
cacao-04-aire-api,2026-09-24 20:50:03.910000+00:00,2026-09-24,,,,,7.6,7.8,50.0,70.0,,,,,,,,,
cacao-04-aire-api,2026-09-24 20:04:51.202000+00:00,2026-09-24,,,,,7.6,7.8,50.0,63.0,,,,,,,,,
cacao-04-aire-api,2026-09-24 20:29:58.171000+00:00,2026-09-24,,,,,7.6,7.8,50.0,65.0,,,,,,,,,
cacao-04-aire-api,2026-09-24 20:45:02.432000+00:00,2026-09-24,,,,,7.6,7.8,50.0,70.0,,,,,,,,,
cacao-04-aire-api,2026-09-24 21:05:08.065000+00:00,2026-09-24,,,,,8.8,9.0,62.0,73.0,,,,,,,,,
cacao-04-aire-api,2026-09-24 19:49:46.840000+00:00,2026-09-24,,,,,8.3,8.5,50.0,62.0,,,,,,,,,
cacao-04-aire-api,2026-09-24 19:54:48.191000+00:00,2026-09-24,,,,,8.3,8.5,50.0,62.0,,,,,,,,,
cacao-04-aire-api,2026-09-24 20:14:54.096000+00:00,2026-09-24,,,,,7.6,7.8,50.0,63.0,,,,,,,,,
cacao-04-aire-api,2026-09-24 20:19:55.384000+00:00,2026-09-24,,,,,7.6,7.8,50.0,65.0,,,,,,,,,
cacao-05-meteo-atlas,2026-09-24 19:49:45.231000+00:00,2026-09-24,,,,,,,,62.0,29.6,0.0,4.5,548.0,,,,,
cacao-05-meteo-atlas,2026-09-24 20:04:47.921000+00:00,2026-09-24,,,,,,,,63.0,29.3,0.0,3.9,482.0,,,,,
cacao-05-meteo-atlas,2026-09-24 20:49:54.751000+00:00,2026-09-24,,,,,,,,70.0,28.0,0.1,1.4,316.0,,,,,
cacao-05-meteo-atlas,2026-09-24 21:04:57+00:00,2026-09-24,,,,,,,,73.0,27.4,0.1,2.7,285.0,,,,,
cacao-05-meteo-atlas,2026-09-24 20:09:48.695000+00:00,2026-09-24,,,,,,,,63.0,29.3,0.0,3.9,482.0,,,,,
cacao-05-meteo-atlas,2026-09-24 20:34:52.372000+00:00,2026-09-24,,,,,,,,67.0,28.5,0.1,0.5,361.0,,,,,
cacao-05-meteo-atlas,2026-09-24 20:39:53.150000+00:00,2026-09-24,,,,,,,,67.0,28.5,0.1,0.5,361.0,,,,,
cacao-05-meteo-atlas,2026-09-24 20:44:53.899000+00:00,2026-09-24,,,,,,,,67.0,28.5,0.1,0.5,361.0,,,,,
cacao-05-meteo-atlas,2026-09-24 20:54:55.502000+00:00,2026-09-24,,,,,,,,70.0,28.0,0.1,1.4,316.0,,,,,
cacao-05-meteo-atlas,2026-09-24 20:29:51.670000+00:00,2026-09-24,,,,,,,,65.0,29.0,0.1,2.5,418.0,,,,,
cacao-05-meteo-atlas,2026-09-24 21:14:58.511000+00:00,2026-09-24,,,,,,,,73.0,27.4,0.1,2.7,285.0,,,,,
cacao-05-meteo-atlas,2026-09-24 21:09:57.746000+00:00,2026-09-24,,,,,,,,73.0,27.4,0.1,2.7,285.0,,,,,
cacao-05-meteo-atlas,2026-09-24 19:59:46.984000+00:00,2026-09-24,,,,,,,,62.0,29.6,0.0,4.5,548.0,,,,,
cacao-05-meteo-atlas,2026-09-24 19:44:44.363000+00:00,2026-09-24,,,,,,,,61.0,29.7,0.0,4.8,611.0,,,,,
cacao-05-meteo-atlas,2026-09-24 20:24:50.933000+00:00,2026-09-24,,,,,,,,65.0,29.0,0.1,2.5,418.0,,,,,
cacao-05-meteo-atlas,2026-09-24 20:59:56.259000+00:00,2026-09-24,,,,,,,,70.0,28.0,0.1,1.4,316.0,,,,,
cacao-05-meteo-atlas,2026-09-24 19:39:43.591000+00:00,2026-09-24,,,,,,,,61.0,29.7,0.0,4.8,611.0,,,,,
cacao-05-meteo-atlas,2026-09-24 19:54:46.002000+00:00,2026-09-24,,,,,,,,62.0,29.6,0.0,4.5,548.0,,,,,
cacao-05-meteo-atlas,2026-09-24 20:14:49.503000+00:00,2026-09-24,,,,,,,,63.0,29.3,0.0,3.9,482.0,,,,,
cacao-05-meteo-atlas,2026-09-24 20:19:50.227000+00:00,2026-09-24,,,,,,,,65.0,29.0,0.1,2.5,418.0,,,,,
cacao-06-fermenta-mqtt,2026-09-24 20:28:49.189000+00:00,2026-09-24,,,,,,,,77.6,,,,,31.84,49.34,,,
cacao-06-fermenta-mqtt,2026-09-24 21:08:54.917000+00:00,2026-09-24,,,,,,,,76.4,,,,,32.27,49.28,,,
cacao-06-fermenta-mqtt,2026-09-24 20:03:45.689000+00:00,2026-09-24,,,,,,,,79.0,,,,,32.28,49.46,,,
cacao-06-fermenta-mqtt,2026-09-24 21:03:54.159000+00:00,2026-09-24,,,,,,,,76.3,,,,,32.46,49.16,,,
cacao-06-fermenta-mqtt,2026-09-24 20:08:46.386000+00:00,2026-09-24,,,,,,,,76.7,,,,,31.82,49.38,,,
cacao-06-fermenta-mqtt,2026-09-24 20:09:46.522000+00:00,2026-09-24,,,,,,,,77.1,,,,,32.1,49.32,,,
cacao-06-fermenta-mqtt,2026-09-24 20:10:46.661000+00:00,2026-09-24,,,,,,,,78.4,,,,,31.8,49.3,,,
cacao-06-fermenta-mqtt,2026-09-24 20:11:46.814000+00:00,2026-09-24,,,,,,,,79.5,,,,,31.88,49.39,,,
cacao-06-fermenta-mqtt,2026-09-24 20:12:46.950000+00:00,2026-09-24,,,,,,,,76.9,,,,,32.14,49.4,,,
cacao-06-fermenta-mqtt,2026-09-24 20:17:47.669000+00:00,2026-09-24,,,,,,,,76.5,,,,,31.92,49.31,,,
cacao-06-fermenta-mqtt,2026-09-24 20:33:49.906000+00:00,2026-09-24,,,,,,,,78.9,,,,,32.19,49.37,,,
cacao-06-fermenta-mqtt,2026-09-24 20:53:52.754000+00:00,2026-09-24,,,,,,,,76.1,,,,,32.21,49.38,,,
cacao-06-fermenta-mqtt,2026-09-24 20:49:52.173000+00:00,2026-09-24,,,,,,,,78.6,,,,,32.21,49.33,,,
cacao-06-fermenta-mqtt,2026-09-24 20:50:52.311000+00:00,2026-09-24,,,,,,,,77.9,,,,,32.24,49.29,,,
cacao-06-fermenta-mqtt,2026-09-24 20:51:52.452000+00:00,2026-09-24,,,,,,,,77.5,,,,,31.85,49.25,,,
cacao-06-fermenta-mqtt,2026-09-24 20:52:52.603000+00:00,2026-09-24,,,,,,,,77.1,,,,,32.54,49.24,,,
cacao-06-fermenta-mqtt,2026-09-24 19:30:54.810000+00:00,2026-09-24,,,,,,,,78.1,,,,,31.82,49.47,,,
cacao-06-fermenta-mqtt,2026-09-24 19:30:58.030000+00:00,2026-09-24,,,,,,,,76.3,,,,,31.31,49.4,,,
cacao-06-fermenta-mqtt,2026-09-24 19:43:42.915000+00:00,2026-09-24,,,,,,,,76.3,,,,,32.05,49.39,,,
cacao-06-fermenta-mqtt,2026-09-24 19:50:43.868000+00:00,2026-09-24,,,,,,,,76.8,,,,,31.94,49.38,,,
cacao-06-fermenta-mqtt,2026-09-24 19:51:44.023000+00:00,2026-09-24,,,,,,,,77.5,,,,,31.75,49.42,,,
cacao-06-fermenta-mqtt,2026-09-24 19:52:44.157000+00:00,2026-09-24,,,,,,,,77.0,,,,,31.86,49.33,,,
cacao-06-fermenta-mqtt,2026-09-24 20:13:47.086000+00:00,2026-09-24,,,,,,,,76.2,,,,,32.19,49.32,,,
cacao-06-fermenta-mqtt,2026-09-24 20:35:50.178000+00:00,2026-09-24,,,,,,,,75.9,,,,,32.02,49.36,,,
cacao-06-fermenta-mqtt,2026-09-24 20:36:50.330000+00:00,2026-09-24,,,,,,,,78.7,,,,,31.71,49.27,,,
cacao-06-fermenta-mqtt,2026-09-24 20:37:50.481000+00:00,2026-09-24,,,,,,,,79.1,,,,,32.46,49.27,,,
cacao-06-fermenta-mqtt,2026-09-24 20:48:52.036000+00:00,2026-09-24,,,,,,,,77.1,,,,,32.2,49.25,,,
cacao-06-fermenta-mqtt,2026-09-24 21:09:55.058000+00:00,2026-09-24,,,,,,,,76.9,,,,,32.18,49.29,,,
cacao-06-fermenta-mqtt,2026-09-24 21:10:55.204000+00:00,2026-09-24,,,,,,,,76.7,,,,,32.38,49.22,,,
cacao-06-fermenta-mqtt,2026-09-24 21:11:55.339000+00:00,2026-09-24,,,,,,,,76.7,,,,,32.32,49.27,,,
cacao-06-fermenta-mqtt,2026-09-24 21:12:55.472000+00:00,2026-09-24,,,,,,,,77.8,,,,,32.44,49.27,,,
cacao-06-fermenta-mqtt,2026-09-24 20:38:50.620000+00:00,2026-09-24,,,,,,,,75.7,,,,,32.08,49.34,,,
cacao-06-fermenta-mqtt,2026-09-24 20:39:50.759000+00:00,2026-09-24,,,,,,,,76.8,,,,,32.07,49.29,,,
cacao-06-fermenta-mqtt,2026-09-24 21:07:54.717000+00:00,2026-09-24,,,,,,,,77.6,,,,,32.16,49.25,,,
cacao-06-fermenta-mqtt,2026-09-24 21:13:55.607000+00:00,2026-09-24,,,,,,,,77.4,,,,,32.12,49.29,,,
cacao-06-fermenta-mqtt,2026-09-24 20:01:45.409000+00:00,2026-09-24,,,,,,,,76.3,,,,,31.96,49.34,,,
cacao-06-fermenta-mqtt,2026-09-24 20:18:47.806000+00:00,2026-09-24,,,,,,,,77.4,,,,,31.81,49.29,,,
cacao-06-fermenta-mqtt,2026-09-24 20:04:45.827000+00:00,2026-09-24,,,,,,,,77.6,,,,,32.17,49.33,,,
cacao-06-fermenta-mqtt,2026-09-24 20:05:45.966000+00:00,2026-09-24,,,,,,,,77.6,,,,,31.82,49.44,,,
cacao-06-fermenta-mqtt,2026-09-24 20:06:46.101000+00:00,2026-09-24,,,,,,,,77.1,,,,,32.42,49.34,,,
cacao-06-fermenta-mqtt,2026-09-24 20:29:49.342000+00:00,2026-09-24,,,,,,,,77.8,,,,,31.95,49.34,,,
cacao-06-fermenta-mqtt,2026-09-24 20:30:49.483000+00:00,2026-09-24,,,,,,,,76.9,,,,,32.38,49.22,,,
cacao-06-fermenta-mqtt,2026-09-24 20:43:51.309000+00:00,2026-09-24,,,,,,,,76.4,,,,,32.07,49.32,,,
cacao-06-fermenta-mqtt,2026-09-24 20:44:51.461000+00:00,2026-09-24,,,,,,,,77.6,,,,,31.92,49.24,,,
cacao-06-fermenta-mqtt,2026-09-24 20:45:51.595000+00:00,2026-09-24,,,,,,,,78.0,,,,,31.64,49.3,,,
cacao-06-fermenta-mqtt,2026-09-24 20:46:51.745000+00:00,2026-09-24,,,,,,,,76.8,,,,,32.06,49.28,,,
cacao-06-fermenta-mqtt,2026-09-24 20:47:51.880000+00:00,2026-09-24,,,,,,,,77.2,,,,,32.3,49.22,,,
cacao-06-fermenta-mqtt,2026-09-24 20:20:48.079000+00:00,2026-09-24,,,,,,,,77.2,,,,,32.09,49.34,,,
cacao-06-fermenta-mqtt,2026-09-24 20:21:48.216000+00:00,2026-09-24,,,,,,,,77.7,,,,,32.07,49.35,,,
cacao-06-fermenta-mqtt,2026-09-24 20:23:48.488000+00:00,2026-09-24,,,,,,,,78.3,,,,,32.44,49.31,,,
cacao-06-fermenta-mqtt,2026-09-24 20:24:48.636000+00:00,2026-09-24,,,,,,,,77.1,,,,,32.29,49.3,,,
cacao-06-fermenta-mqtt,2026-09-24 20:25:48.768000+00:00,2026-09-24,,,,,,,,77.6,,,,,32.07,49.3,,,
cacao-06-fermenta-mqtt,2026-09-24 20:34:50.043000+00:00,2026-09-24,,,,,,,,77.7,,,,,32.17,49.28,,,
cacao-06-fermenta-mqtt,2026-09-24 20:54:52.877000+00:00,2026-09-24,,,,,,,,77.3,,,,,32.32,49.4,,,
cacao-06-fermenta-mqtt,2026-09-24 20:55:53.026000+00:00,2026-09-24,,,,,,,,76.7,,,,,31.99,49.25,,,
cacao-06-fermenta-mqtt,2026-09-24 21:02:54.007000+00:00,2026-09-24,,,,,,,,77.3,,,,,32.24,49.34,,,
cacao-06-fermenta-mqtt,2026-09-24 21:14:55.761000+00:00,2026-09-24,,,,,,,,78.1,,,,,31.89,49.19,,,
cacao-06-fermenta-mqtt,2026-09-24 19:44:43.066000+00:00,2026-09-24,,,,,,,,78.0,,,,,31.78,49.41,,,
cacao-06-fermenta-mqtt,2026-09-24 19:45:43.187000+00:00,2026-09-24,,,,,,,,78.6,,,,,31.85,49.35,,,
cacao-06-fermenta-mqtt,2026-09-24 19:46:43.337000+00:00,2026-09-24,,,,,,,,76.7,,,,,32.11,49.45,,,
cacao-06-fermenta-mqtt,2026-09-24 19:59:45.138000+00:00,2026-09-24,,,,,,,,76.9,,,,,32.18,49.4,,,
cacao-06-fermenta-mqtt,2026-09-24 20:00:45.274000+00:00,2026-09-24,,,,,,,,78.0,,,,,31.61,49.32,,,
cacao-06-fermenta-mqtt,2026-09-24 20:56:53.162000+00:00,2026-09-24,,,,,,,,75.8,,,,,32.29,49.23,,,
cacao-06-fermenta-mqtt,2026-09-24 20:57:53.298000+00:00,2026-09-24,,,,,,,,76.5,,,,,32.96,49.29,,,
cacao-06-fermenta-mqtt,2026-09-24 20:58:53.427000+00:00,2026-09-24,,,,,,,,78.2,,,,,32.27,49.28,,,
cacao-06-fermenta-mqtt,2026-09-24 20:59:53.586000+00:00,2026-09-24,,,,,,,,78.7,,,,,32.43,49.27,,,
cacao-06-fermenta-mqtt,2026-09-24 21:00:53.718000+00:00,2026-09-24,,,,,,,,77.5,,,,,32.47,49.34,,,
cacao-06-fermenta-mqtt,2026-09-24 21:01:53.869000+00:00,2026-09-24,,,,,,,,77.7,,,,,32.4,49.26,,,
cacao-06-fermenta-mqtt,2026-09-24 19:42:42.778000+00:00,2026-09-24,,,,,,,,76.4,,,,,31.89,49.39,,,
cacao-06-fermenta-mqtt,2026-09-24 19:41:42.645000+00:00,2026-09-24,,,,,,,,76.7,,,,,31.67,49.31,,,
cacao-06-fermenta-mqtt,2026-09-24 19:40:42.512000+00:00,2026-09-24,,,,,,,,76.0,,,,,31.99,49.37,,,
cacao-06-fermenta-mqtt,2026-09-24 19:39:42.372000+00:00,2026-09-24,,,,,,,,77.8,,,,,31.65,49.41,,,
cacao-06-fermenta-mqtt,2026-09-24 20:22:48.351000+00:00,2026-09-24,,,,,,,,76.3,,,,,31.96,49.42,,,
cacao-06-fermenta-mqtt,2026-09-24 20:40:50.897000+00:00,2026-09-24,,,,,,,,77.0,,,,,31.93,49.33,,,
cacao-06-fermenta-mqtt,2026-09-24 20:41:51.021000+00:00,2026-09-24,,,,,,,,77.0,,,,,31.87,49.34,,,
cacao-06-fermenta-mqtt,2026-09-24 20:42:51.172000+00:00,2026-09-24,,,,,,,,76.7,,,,,31.81,49.32,,,
cacao-06-fermenta-mqtt,2026-09-24 21:04:54.297000+00:00,2026-09-24,,,,,,,,77.7,,,,,32.08,49.21,,,
cacao-06-fermenta-mqtt,2026-09-24 21:05:54.431000+00:00,2026-09-24,,,,,,,,76.2,,,,,31.66,49.27,,,
cacao-06-fermenta-mqtt,2026-09-24 21:06:54.571000+00:00,2026-09-24,,,,,,,,76.9,,,,,32.15,49.25,,,
cacao-06-fermenta-mqtt,2026-09-24 20:07:46.250000+00:00,2026-09-24,,,,,,,,77.9,,,,,32.08,49.42,,,
cacao-06-fermenta-mqtt,2026-09-24 20:31:49.629000+00:00,2026-09-24,,,,,,,,75.9,,,,,32.23,49.4,,,
cacao-06-fermenta-mqtt,2026-09-24 20:32:49.768000+00:00,2026-09-24,,,,,,,,77.2,,,,,32.57,49.31,,,
cacao-06-fermenta-mqtt,2026-09-24 19:47:43.475000+00:00,2026-09-24,,,,,,,,77.9,,,,,32.29,49.46,,,
cacao-06-fermenta-mqtt,2026-09-24 19:48:43.609000+00:00,2026-09-24,,,,,,,,77.3,,,,,31.53,49.33,,,
cacao-06-fermenta-mqtt,2026-09-24 19:49:43.746000+00:00,2026-09-24,,,,,,,,77.0,,,,,31.77,49.34,,,
cacao-06-fermenta-mqtt,2026-09-24 19:53:44.291000+00:00,2026-09-24,,,,,,,,77.9,,,,,31.56,49.41,,,
cacao-06-fermenta-mqtt,2026-09-24 19:54:44.440000+00:00,2026-09-24,,,,,,,,76.5,,,,,32.13,49.31,,,
cacao-06-fermenta-mqtt,2026-09-24 19:55:44.576000+00:00,2026-09-24,,,,,,,,77.4,,,,,31.8,49.38,,,
cacao-06-fermenta-mqtt,2026-09-24 19:56:44.732000+00:00,2026-09-24,,,,,,,,76.3,,,,,31.78,49.31,,,
cacao-06-fermenta-mqtt,2026-09-24 19:57:44.868000+00:00,2026-09-24,,,,,,,,77.3,,,,,32.18,49.28,,,
cacao-06-fermenta-mqtt,2026-09-24 19:58:44.987000+00:00,2026-09-24,,,,,,,,76.5,,,,,31.98,49.37,,,
cacao-06-fermenta-mqtt,2026-09-24 20:02:45.540000+00:00,2026-09-24,,,,,,,,77.5,,,,,31.83,49.36,,,
cacao-06-fermenta-mqtt,2026-09-24 20:14:47.220000+00:00,2026-09-24,,,,,,,,77.6,,,,,32.09,49.37,,,
cacao-06-fermenta-mqtt,2026-09-24 20:15:47.370000+00:00,2026-09-24,,,,,,,,78.0,,,,,31.97,49.32,,,
cacao-06-fermenta-mqtt,2026-09-24 20:16:47.521000+00:00,2026-09-24,,,,,,,,79.1,,,,,32.22,49.37,,,
cacao-06-fermenta-mqtt,2026-09-24 20:19:47.930000+00:00,2026-09-24,,,,,,,,78.5,,,,,31.86,49.34,,,
cacao-06-fermenta-mqtt,2026-09-24 20:26:48.902000+00:00,2026-09-24,,,,,,,,77.2,,,,,32.02,49.33,,,
cacao-06-fermenta-mqtt,2026-09-24 20:27:49.051000+00:00,2026-09-24,,,,,,,,78.0,,,,,32.04,49.39,,,
cacao-07-campo-replay,2026-09-24 19:43:42.977000+00:00,2026-09-24,,,,,,,,80.0,,0.0,,,,,0.0,,
cacao-07-campo-replay,2026-09-24 19:44:13.124000+00:00,2026-09-24,,,,,,,,78.0,,0.0,,,,,0.0,,
cacao-07-campo-replay,2026-09-24 20:28:55.580000+00:00,2026-09-24,,,,,,,,94.0,,0.4,,,,,100.0,,
cacao-07-campo-replay,2026-09-24 21:09:06.733000+00:00,2026-09-24,,,,,,,,78.0,,0.0,,,,,0.0,,
cacao-07-campo-replay,2026-09-24 20:23:54.177000+00:00,2026-09-24,,,,,,,,87.0,,0.0,,,,,13.0,,
cacao-07-campo-replay,2026-09-24 20:08:49.980000+00:00,2026-09-24,,,,,,,,90.0,,0.0,,,,,32.5,,
cacao-07-campo-replay,2026-09-24 20:09:20.112000+00:00,2026-09-24,,,,,,,,94.0,,0.0,,,,,58.5,,
cacao-07-campo-replay,2026-09-24 20:09:50.273000+00:00,2026-09-24,,,,,,,,92.0,,0.0,,,,,45.5,,
cacao-07-campo-replay,2026-09-24 20:10:20.424000+00:00,2026-09-24,,,,,,,,87.0,,0.0,,,,,13.0,,
cacao-07-campo-replay,2026-09-24 20:10:50.551000+00:00,2026-09-24,,,,,,,,84.0,,0.0,,,,,0.0,,
cacao-07-campo-replay,2026-09-24 20:11:20.698000+00:00,2026-09-24,,,,,,,,78.0,,0.0,,,,,0.0,,
cacao-07-campo-replay,2026-09-24 20:11:50.831000+00:00,2026-09-24,,,,,,,,69.0,,0.0,,,,,0.0,,
cacao-07-campo-replay,2026-09-24 20:12:20.975000+00:00,2026-09-24,,,,,,,,62.0,,0.0,,,,,0.0,,
cacao-07-campo-replay,2026-09-24 20:12:51.108000+00:00,2026-09-24,,,,,,,,51.0,,0.1,,,,,0.0,,
cacao-07-campo-replay,2026-09-24 20:13:21.238000+00:00,2026-09-24,,,,,,,,55.0,,0.2,,,,,100.0,,
cacao-07-campo-replay,2026-09-24 20:13:51.384000+00:00,2026-09-24,,,,,,,,61.0,,0.5,,,,,100.0,,
cacao-07-campo-replay,2026-09-24 20:17:22.385000+00:00,2026-09-24,,,,,,,,81.0,,1.2,,,,,100.0,,
cacao-07-campo-replay,2026-09-24 20:17:52.515000+00:00,2026-09-24,,,,,,,,86.0,,0.3,,,,,100.0,,
cacao-07-campo-replay,2026-09-24 20:18:22.630000+00:00,2026-09-24,,,,,,,,92.0,,0.6,,,,,100.0,,
cacao-07-campo-replay,2026-09-24 20:38:58.355000+00:00,2026-09-24,,,,,,,,71.0,,0.4,,,,,100.0,,
cacao-07-campo-replay,2026-09-24 19:50:44.962000+00:00,2026-09-24,,,,,,,,65.0,,0.1,,,,,0.0,,
cacao-07-campo-replay,2026-09-24 19:51:15.093000+00:00,2026-09-24,,,,,,,,64.0,,0.0,,,,,0.0,,
cacao-07-campo-replay,2026-09-24 19:51:45.258000+00:00,2026-09-24,,,,,,,,70.0,,0.4,,,,,100.0,,
cacao-07-campo-replay,2026-09-24 19:52:15.376000+00:00,2026-09-24,,,,,,,,70.0,,0.2,,,,,100.0,,
cacao-07-campo-replay,2026-09-24 19:52:45.517000+00:00,2026-09-24,,,,,,,,80.0,,0.1,,,,,0.0,,
cacao-07-campo-replay,2026-09-24 19:53:15.664000+00:00,2026-09-24,,,,,,,,88.0,,0.0,,,,,19.5,,
cacao-07-campo-replay,2026-09-24 20:35:27.394000+00:00,2026-09-24,,,,,,,,95.0,,0.0,,,,,65.0,,
cacao-07-campo-replay,2026-09-24 20:35:57.539000+00:00,2026-09-24,,,,,,,,77.0,,0.0,,,,,0.0,,
cacao-07-campo-replay,2026-09-24 20:36:27.666000+00:00,2026-09-24,,,,,,,,70.0,,0.0,,,,,0.0,,
cacao-07-campo-replay,2026-09-24 20:36:57.799000+00:00,2026-09-24,,,,,,,,57.0,,0.0,,,,,0.0,,
cacao-07-campo-replay,2026-09-24 20:37:27.946000+00:00,2026-09-24,,,,,,,,56.0,,0.0,,,,,0.0,,
cacao-07-campo-replay,2026-09-24 20:37:58.093000+00:00,2026-09-24,,,,,,,,57.0,,0.1,,,,,0.0,,
cacao-07-campo-replay,2026-09-24 20:43:59.732000+00:00,2026-09-24,,,,,,,,97.0,,0.8,,,,,100.0,,
cacao-07-campo-replay,2026-09-24 21:10:07.028000+00:00,2026-09-24,,,,,,,,92.0,,0.0,,,,,45.5,,
cacao-07-campo-replay,2026-09-24 21:10:37.156000+00:00,2026-09-24,,,,,,,,95.0,,0.0,,,,,65.0,,
cacao-07-campo-replay,2026-09-24 21:11:07.315000+00:00,2026-09-24,,,,,,,,95.0,,0.0,,,,,65.0,,
cacao-07-campo-replay,2026-09-24 21:11:37.461000+00:00,2026-09-24,,,,,,,,87.0,,0.0,,,,,13.0,,
cacao-07-campo-replay,2026-09-24 21:12:07.590000+00:00,2026-09-24,,,,,,,,61.0,,0.0,,,,,0.0,,
cacao-07-campo-replay,2026-09-24 21:12:37.735000+00:00,2026-09-24,,,,,,,,52.0,,0.0,,,,,0.0,,
cacao-07-campo-replay,2026-09-24 21:13:07.864000+00:00,2026-09-24,,,,,,,,45.0,,0.0,,,,,0.0,,
cacao-07-campo-replay,2026-09-24 21:13:38.010000+00:00,2026-09-24,,,,,,,,42.0,,0.0,,,,,0.0,,
cacao-07-campo-replay,2026-09-24 21:14:08.157000+00:00,2026-09-24,,,,,,,,44.0,,0.0,,,,,0.0,,
cacao-07-campo-replay,2026-09-24 20:01:48.003000+00:00,2026-09-24,,,,,,,,48.0,,0.0,,,,,0.0,,
cacao-07-campo-replay,2026-09-24 20:04:18.695000+00:00,2026-09-24,,,,,,,,65.0,,0.2,,,,,100.0,,
cacao-07-campo-replay,2026-09-24 19:44:43.270000+00:00,2026-09-24,,,,,,,,77.0,,0.0,,,,,0.0,,
cacao-07-campo-replay,2026-09-24 19:45:13.416000+00:00,2026-09-24,,,,,,,,81.0,,0.1,,,,,0.0,,
cacao-07-campo-replay,2026-09-24 19:45:43.547000+00:00,2026-09-24,,,,,,,,85.0,,0.2,,,,,100.0,,
cacao-07-campo-replay,2026-09-24 19:46:13.693000+00:00,2026-09-24,,,,,,,,85.0,,0.0,,,,,0.0,,
cacao-07-campo-replay,2026-09-24 19:46:43.837000+00:00,2026-09-24,,,,,,,,84.0,,0.0,,,,,0.0,,
cacao-07-campo-replay,2026-09-24 19:47:13.984000+00:00,2026-09-24,,,,,,,,78.0,,0.2,,,,,100.0,,
cacao-07-campo-replay,2026-09-24 19:59:17.335000+00:00,2026-09-24,,,,,,,,81.0,,0.0,,,,,0.0,,
cacao-07-campo-replay,2026-09-24 19:59:47.468000+00:00,2026-09-24,,,,,,,,61.0,,0.0,,,,,0.0,,
cacao-07-campo-replay,2026-09-24 20:00:17.616000+00:00,2026-09-24,,,,,,,,58.0,,0.0,,,,,0.0,,
cacao-07-campo-replay,2026-09-24 20:00:47.743000+00:00,2026-09-24,,,,,,,,46.0,,0.0,,,,,0.0,,
cacao-07-campo-replay,2026-09-24 20:02:18.148000+00:00,2026-09-24,,,,,,,,53.0,,0.0,,,,,0.0,,
cacao-07-campo-replay,2026-09-24 20:38:28.227000+00:00,2026-09-24,,,,,,,,62.0,,0.1,,,,,0.0,,
cacao-07-campo-replay,2026-09-24 20:56:33.237000+00:00,2026-09-24,,,,,,,,92.0,,0.3,,,,,100.0,,
cacao-07-campo-replay,2026-09-24 20:57:03.381000+00:00,2026-09-24,,,,,,,,97.0,,0.2,,,,,100.0,,
cacao-07-campo-replay,2026-09-24 20:57:33.527000+00:00,2026-09-24,,,,,,,,98.0,,0.2,,,,,100.0,,
cacao-07-campo-replay,2026-09-24 20:58:03.656000+00:00,2026-09-24,,,,,,,,98.0,,0.0,,,,,84.5,,
cacao-07-campo-replay,2026-09-24 20:58:33.799000+00:00,2026-09-24,,,,,,,,99.0,,0.0,,,,,91.0,,
cacao-07-campo-replay,2026-09-24 20:59:03.930000+00:00,2026-09-24,,,,,,,,99.0,,0.0,,,,,91.0,,
cacao-07-campo-replay,2026-09-24 20:59:34.065000+00:00,2026-09-24,,,,,,,,99.0,,0.0,,,,,91.0,,
cacao-07-campo-replay,2026-09-24 21:00:04.212000+00:00,2026-09-24,,,,,,,,96.0,,0.2,,,,,100.0,,
cacao-07-campo-replay,2026-09-24 21:00:34.355000+00:00,2026-09-24,,,,,,,,76.0,,0.0,,,,,0.0,,
cacao-07-campo-replay,2026-09-24 21:01:04.500000+00:00,2026-09-24,,,,,,,,64.0,,0.0,,,,,0.0,,
cacao-07-campo-replay,2026-09-24 21:01:34.631000+00:00,2026-09-24,,,,,,,,63.0,,0.1,,,,,0.0,,
cacao-07-campo-replay,2026-09-24 21:02:04.777000+00:00,2026-09-24,,,,,,,,61.0,,0.1,,,,,0.0,,
cacao-07-campo-replay,2026-09-24 20:20:23.197000+00:00,2026-09-24,,,,,,,,92.0,,0.1,,,,,45.5,,
cacao-07-campo-replay,2026-09-24 20:20:53.330000+00:00,2026-09-24,,,,,,,,95.0,,0.0,,,,,65.0,,
cacao-07-campo-replay,2026-09-24 20:21:23.462000+00:00,2026-09-24,,,,,,,,94.0,,0.0,,,,,58.5,,
cacao-07-campo-replay,2026-09-24 20:21:53.608000+00:00,2026-09-24,,,,,,,,97.0,,0.0,,,,,78.0,,
cacao-07-campo-replay,2026-09-24 20:24:24.320000+00:00,2026-09-24,,,,,,,,68.0,,0.0,,,,,0.0,,
cacao-07-campo-replay,2026-09-24 20:24:54.449000+00:00,2026-09-24,,,,,,,,57.0,,0.0,,,,,0.0,,
cacao-07-campo-replay,2026-09-24 20:25:24.594000+00:00,2026-09-24,,,,,,,,58.0,,0.0,,,,,0.0,,
cacao-07-campo-replay,2026-09-24 20:25:54.722000+00:00,2026-09-24,,,,,,,,59.0,,0.0,,,,,0.0,,
cacao-07-campo-replay,2026-09-24 20:34:57.248000+00:00,2026-09-24,,,,,,,,89.0,,0.0,,,,,26.0,,
cacao-07-campo-replay,2026-09-24 20:54:02.521000+00:00,2026-09-24,,,,,,,,96.0,,0.3,,,,,100.0,,
cacao-07-campo-replay,2026-09-24 20:54:32.669000+00:00,2026-09-24,,,,,,,,96.0,,0.1,,,,,71.5,,
cacao-07-campo-replay,2026-09-24 20:55:02.817000+00:00,2026-09-24,,,,,,,,95.0,,0.0,,,,,65.0,,
cacao-07-campo-replay,2026-09-24 20:55:32.946000+00:00,2026-09-24,,,,,,,,94.0,,0.0,,,,,58.5,,
cacao-07-campo-replay,2026-09-24 20:56:03.090000+00:00,2026-09-24,,,,,,,,93.0,,0.2,,,,,100.0,,
cacao-07-campo-replay,2026-09-24 21:02:34.908000+00:00,2026-09-24,,,,,,,,62.0,,0.2,,,,,100.0,,
cacao-07-campo-replay,2026-09-24 21:03:05.044000+00:00,2026-09-24,,,,,,,,65.0,,0.3,,,,,100.0,,
cacao-07-campo-replay,2026-09-24 21:03:35.188000+00:00,2026-09-24,,,,,,,,72.0,,0.4,,,,,100.0,,
cacao-07-campo-replay,2026-09-24 21:04:05.332000+00:00,2026-09-24,,,,,,,,73.0,,0.3,,,,,100.0,,
cacao-07-campo-replay,2026-09-24 21:14:38.289000+00:00,2026-09-24,,,,,,,,48.0,,0.0,,,,,0.0,,
cacao-07-campo-replay,2026-09-24 21:15:08.434000+00:00,2026-09-24,,,,,,,,50.0,,0.0,,,,,0.0,,
cacao-07-campo-replay,2026-09-24 21:15:38.578000+00:00,2026-09-24,,,,,,,,52.0,,0.0,,,,,0.0,,
cacao-07-campo-replay,2026-09-24 20:01:17.872000+00:00,2026-09-24,,,,,,,,43.0,,0.0,,,,,0.0,,
cacao-07-campo-replay,2026-09-24 20:49:31.291000+00:00,2026-09-24,,,,,,,,73.0,,0.2,,,,,100.0,,
cacao-07-campo-replay,2026-09-24 20:50:01.410000+00:00,2026-09-24,,,,,,,,67.0,,0.3,,,,,100.0,,
cacao-07-campo-replay,2026-09-24 20:50:31.558000+00:00,2026-09-24,,,,,,,,69.0,,0.4,,,,,100.0,,
cacao-07-campo-replay,2026-09-24 20:51:01.702000+00:00,2026-09-24,,,,,,,,74.0,,0.4,,,,,100.0,,
cacao-07-campo-replay,2026-09-24 20:51:31.832000+00:00,2026-09-24,,,,,,,,87.0,,0.7,,,,,100.0,,
cacao-07-campo-replay,2026-09-24 20:52:01.984000+00:00,2026-09-24,,,,,,,,87.0,,0.4,,,,,100.0,,
cacao-07-campo-replay,2026-09-24 20:52:32.114000+00:00,2026-09-24,,,,,,,,89.0,,0.2,,,,,100.0,,
cacao-07-campo-replay,2026-09-24 20:53:02.246000+00:00,2026-09-24,,,,,,,,96.0,,0.3,,,,,100.0,,
cacao-07-campo-replay,2026-09-24 20:53:32.390000+00:00,2026-09-24,,,,,,,,94.0,,0.2,,,,,100.0,,
cacao-07-campo-replay,2026-09-24 20:39:28.490000+00:00,2026-09-24,,,,,,,,67.0,,0.3,,,,,100.0,,
cacao-07-campo-replay,2026-09-24 20:39:58.637000+00:00,2026-09-24,,,,,,,,70.0,,0.1,,,,,0.0,,
cacao-07-campo-replay,2026-09-24 21:07:36.308000+00:00,2026-09-24,,,,,,,,87.0,,0.0,,,,,13.0,,
cacao-07-campo-replay,2026-09-24 21:08:06.455000+00:00,2026-09-24,,,,,,,,83.0,,0.0,,,,,0.0,,
cacao-07-campo-replay,2026-09-24 21:08:36.601000+00:00,2026-09-24,,,,,,,,78.0,,0.0,,,,,0.0,,
cacao-07-campo-replay,2026-09-24 21:09:36.881000+00:00,2026-09-24,,,,,,,,84.0,,0.0,,,,,0.0,,
cacao-07-campo-replay,2026-09-24 20:04:48.858000+00:00,2026-09-24,,,,,,,,78.0,,0.1,,,,,0.0,,
cacao-07-campo-replay,2026-09-24 20:05:19.005000+00:00,2026-09-24,,,,,,,,83.0,,0.0,,,,,0.0,,
cacao-07-campo-replay,2026-09-24 20:05:49.138000+00:00,2026-09-24,,,,,,,,83.0,,0.0,,,,,0.0,,
cacao-07-campo-replay,2026-09-24 20:06:19.284000+00:00,2026-09-24,,,,,,,,79.0,,0.1,,,,,0.0,,
cacao-07-campo-replay,2026-09-24 20:06:49.414000+00:00,2026-09-24,,,,,,,,77.0,,0.0,,,,,0.0,,
cacao-07-campo-replay,2026-09-24 20:29:25.727000+00:00,2026-09-24,,,,,,,,97.0,,0.2,,,,,100.0,,
cacao-07-campo-replay,2026-09-24 20:29:55.874000+00:00,2026-09-24,,,,,,,,96.0,,0.0,,,,,71.5,,
cacao-07-campo-replay,2026-09-24 20:30:25.996000+00:00,2026-09-24,,,,,,,,96.0,,0.0,,,,,71.5,,
cacao-07-campo-replay,2026-09-24 20:30:56.140000+00:00,2026-09-24,,,,,,,,93.0,,0.0,,,,,52.0,,
cacao-07-campo-replay,2026-09-24 20:43:29.598000+00:00,2026-09-24,,,,,,,,97.0,,0.8,,,,,100.0,,
cacao-07-campo-replay,2026-09-24 20:44:29.881000+00:00,2026-09-24,,,,,,,,95.0,,0.3,,,,,100.0,,
cacao-07-campo-replay,2026-09-24 20:45:00.025000+00:00,2026-09-24,,,,,,,,98.0,,0.1,,,,,84.5,,
cacao-07-campo-replay,2026-09-24 20:45:30.168000+00:00,2026-09-24,,,,,,,,98.0,,0.1,,,,,84.5,,
cacao-07-campo-replay,2026-09-24 20:46:00.309000+00:00,2026-09-24,,,,,,,,98.0,,0.1,,,,,84.5,,
cacao-07-campo-replay,2026-09-24 20:46:30.445000+00:00,2026-09-24,,,,,,,,98.0,,0.1,,,,,84.5,,
cacao-07-campo-replay,2026-09-24 20:47:00.575000+00:00,2026-09-24,,,,,,,,96.0,,0.0,,,,,71.5,,
cacao-07-campo-replay,2026-09-24 20:47:30.720000+00:00,2026-09-24,,,,,,,,99.0,,0.0,,,,,91.0,,
cacao-07-campo-replay,2026-09-24 20:48:00.852000+00:00,2026-09-24,,,,,,,,98.0,,0.2,,,,,100.0,,
cacao-07-campo-replay,2026-09-24 20:48:31.001000+00:00,2026-09-24,,,,,,,,87.0,,0.0,,,,,13.0,,
cacao-07-campo-replay,2026-09-24 20:49:01.146000+00:00,2026-09-24,,,,,,,,71.0,,0.0,,,,,0.0,,
cacao-07-campo-replay,2026-09-24 20:22:23.739000+00:00,2026-09-24,,,,,,,,96.0,,0.0,,,,,71.5,,
cacao-07-campo-replay,2026-09-24 20:22:53.883000+00:00,2026-09-24,,,,,,,,95.0,,0.0,,,,,65.0,,
cacao-07-campo-replay,2026-09-24 20:23:24.030000+00:00,2026-09-24,,,,,,,,94.0,,0.0,,,,,58.5,,
cacao-07-campo-replay,2026-09-24 20:40:28.766000+00:00,2026-09-24,,,,,,,,86.0,,0.4,,,,,100.0,,
cacao-07-campo-replay,2026-09-24 20:40:58.914000+00:00,2026-09-24,,,,,,,,100.0,,2.3,,,,,100.0,,
cacao-07-campo-replay,2026-09-24 20:41:29.048000+00:00,2026-09-24,,,,,,,,98.0,,0.9,,,,,100.0,,
cacao-07-campo-replay,2026-09-24 20:41:59.195000+00:00,2026-09-24,,,,,,,,99.0,,0.6,,,,,100.0,,
cacao-07-campo-replay,2026-09-24 20:42:29.322000+00:00,2026-09-24,,,,,,,,99.0,,0.4,,,,,100.0,,
cacao-07-campo-replay,2026-09-24 20:42:59.455000+00:00,2026-09-24,,,,,,,,98.0,,0.9,,,,,100.0,,
cacao-07-campo-replay,2026-09-24 21:04:35.479000+00:00,2026-09-24,,,,,,,,79.0,,0.2,,,,,100.0,,
cacao-07-campo-replay,2026-09-24 21:05:05.612000+00:00,2026-09-24,,,,,,,,89.0,,0.1,,,,,26.0,,
cacao-07-campo-replay,2026-09-24 21:05:35.757000+00:00,2026-09-24,,,,,,,,91.0,,0.1,,,,,39.0,,
cacao-07-campo-replay,2026-09-24 21:06:05.887000+00:00,2026-09-24,,,,,,,,93.0,,0.1,,,,,52.0,,
cacao-07-campo-replay,2026-09-24 21:06:36.034000+00:00,2026-09-24,,,,,,,,93.0,,0.0,,,,,52.0,,
cacao-07-campo-replay,2026-09-24 21:07:06.165000+00:00,2026-09-24,,,,,,,,90.0,,0.0,,,,,32.5,,
cacao-07-campo-replay,2026-09-24 20:07:19.557000+00:00,2026-09-24,,,,,,,,79.0,,0.1,,,,,0.0,,
cacao-07-campo-replay,2026-09-24 20:07:49.705000+00:00,2026-09-24,,,,,,,,84.0,,0.1,,,,,0.0,,
cacao-07-campo-replay,2026-09-24 20:08:19.850000+00:00,2026-09-24,,,,,,,,89.0,,0.0,,,,,26.0,,
cacao-07-campo-replay,2026-09-24 19:41:12.232000+00:00,2026-09-24,,,,,,,,89.0,,0.0,,,,,26.0,,
cacao-07-campo-replay,2026-09-24 19:41:42.364000+00:00,2026-09-24,,,,,,,,93.0,,0.0,,,,,52.0,,
cacao-07-campo-replay,2026-09-24 19:42:12.494000+00:00,2026-09-24,,,,,,,,87.0,,0.0,,,,,13.0,,
cacao-07-campo-replay,2026-09-24 19:42:42.638000+00:00,2026-09-24,,,,,,,,83.0,,0.0,,,,,0.0,,
cacao-07-campo-replay,2026-09-24 19:43:12.783000+00:00,2026-09-24,,,,,,,,82.0,,0.0,,,,,0.0,,
cacao-07-campo-replay,2026-09-24 20:31:26.282000+00:00,2026-09-24,,,,,,,,87.0,,0.0,,,,,13.0,,
cacao-07-campo-replay,2026-09-24 20:31:56.428000+00:00,2026-09-24,,,,,,,,86.0,,0.0,,,,,6.5,,
cacao-07-campo-replay,2026-09-24 20:32:26.561000+00:00,2026-09-24,,,,,,,,96.0,,0.1,,,,,71.5,,
cacao-07-campo-replay,2026-09-24 20:32:56.690000+00:00,2026-09-24,,,,,,,,96.0,,0.3,,,,,100.0,,
cacao-07-campo-replay,2026-09-24 20:33:26.840000+00:00,2026-09-24,,,,,,,,92.0,,0.2,,,,,100.0,,
cacao-07-campo-replay,2026-09-24 20:33:56.987000+00:00,2026-09-24,,,,,,,,92.0,,0.0,,,,,45.5,,
cacao-07-campo-replay,2026-09-24 20:34:27.116000+00:00,2026-09-24,,,,,,,,88.0,,0.0,,,,,19.5,,
cacao-07-campo-replay,2026-09-24 19:47:44.115000+00:00,2026-09-24,,,,,,,,70.0,,0.0,,,,,0.0,,
cacao-07-campo-replay,2026-09-24 19:48:14.260000+00:00,2026-09-24,,,,,,,,63.0,,0.0,,,,,0.0,,
cacao-07-campo-replay,2026-09-24 19:48:44.407000+00:00,2026-09-24,,,,,,,,58.0,,0.0,,,,,0.0,,
cacao-07-campo-replay,2026-09-24 19:49:14.553000+00:00,2026-09-24,,,,,,,,60.0,,0.3,,,,,100.0,,
cacao-07-campo-replay,2026-09-24 19:49:44.684000+00:00,2026-09-24,,,,,,,,66.0,,0.1,,,,,0.0,,
cacao-07-campo-replay,2026-09-24 19:50:14.817000+00:00,2026-09-24,,,,,,,,61.0,,0.0,,,,,0.0,,
cacao-07-campo-replay,2026-09-24 19:53:45.792000+00:00,2026-09-24,,,,,,,,83.0,,0.0,,,,,0.0,,
cacao-07-campo-replay,2026-09-24 19:54:15.926000+00:00,2026-09-24,,,,,,,,81.0,,0.0,,,,,0.0,,
cacao-07-campo-replay,2026-09-24 19:54:46.065000+00:00,2026-09-24,,,,,,,,79.0,,0.1,,,,,0.0,,
cacao-07-campo-replay,2026-09-24 19:55:16.212000+00:00,2026-09-24,,,,,,,,80.0,,0.1,,,,,0.0,,
cacao-07-campo-replay,2026-09-24 19:55:46.342000+00:00,2026-09-24,,,,,,,,83.0,,0.0,,,,,0.0,,
cacao-07-campo-replay,2026-09-24 19:56:16.486000+00:00,2026-09-24,,,,,,,,84.0,,0.0,,,,,0.0,,
cacao-07-campo-replay,2026-09-24 19:56:46.639000+00:00,2026-09-24,,,,,,,,90.0,,0.0,,,,,32.5,,
cacao-07-campo-replay,2026-09-24 19:57:16.786000+00:00,2026-09-24,,,,,,,,86.0,,0.0,,,,,6.5,,
cacao-07-campo-replay,2026-09-24 19:57:46.915000+00:00,2026-09-24,,,,,,,,84.0,,0.0,,,,,0.0,,
cacao-07-campo-replay,2026-09-24 19:58:17.046000+00:00,2026-09-24,,,,,,,,84.0,,0.0,,,,,0.0,,
cacao-07-campo-replay,2026-09-24 19:58:47.191000+00:00,2026-09-24,,,,,,,,82.0,,0.0,,,,,0.0,,
cacao-07-campo-replay,2026-09-24 20:02:48.274000+00:00,2026-09-24,,,,,,,,53.0,,0.0,,,,,0.0,,
cacao-07-campo-replay,2026-09-24 20:03:18.423000+00:00,2026-09-24,,,,,,,,54.0,,0.1,,,,,0.0,,
cacao-07-campo-replay,2026-09-24 20:03:48.549000+00:00,2026-09-24,,,,,,,,56.0,,0.0,,,,,0.0,,
cacao-07-campo-replay,2026-09-24 20:14:21.529000+00:00,2026-09-24,,,,,,,,63.0,,0.3,,,,,100.0,,
cacao-07-campo-replay,2026-09-24 20:14:51.659000+00:00,2026-09-24,,,,,,,,67.0,,0.2,,,,,100.0,,
cacao-07-campo-replay,2026-09-24 20:15:21.819000+00:00,2026-09-24,,,,,,,,67.0,,0.1,,,,,0.0,,
cacao-07-campo-replay,2026-09-24 20:15:51.948000+00:00,2026-09-24,,,,,,,,66.0,,0.0,,,,,0.0,,
cacao-07-campo-replay,2026-09-24 20:16:22.096000+00:00,2026-09-24,,,,,,,,71.0,,0.1,,,,,0.0,,
cacao-07-campo-replay,2026-09-24 20:16:52.240000+00:00,2026-09-24,,,,,,,,82.0,,0.3,,,,,100.0,,
cacao-07-campo-replay,2026-09-24 20:18:52.775000+00:00,2026-09-24,,,,,,,,93.0,,0.2,,,,,100.0,,
cacao-07-campo-replay,2026-09-24 20:19:22.924000+00:00,2026-09-24,,,,,,,,93.0,,0.1,,,,,52.0,,
cacao-07-campo-replay,2026-09-24 20:19:53.071000+00:00,2026-09-24,,,,,,,,92.0,,0.0,,,,,45.5,,
cacao-07-campo-replay,2026-09-24 20:26:24.882000+00:00,2026-09-24,,,,,,,,59.0,,0.0,,,,,0.0,,
cacao-07-campo-replay,2026-09-24 20:26:55.013000+00:00,2026-09-24,,,,,,,,61.0,,0.0,,,,,0.0,,
cacao-07-campo-replay,2026-09-24 20:27:25.157000+00:00,2026-09-24,,,,,,,,61.0,,0.1,,,,,0.0,,
cacao-07-campo-replay,2026-09-24 20:27:55.304000+00:00,2026-09-24,,,,,,,,64.0,,0.1,,,,,0.0,,
cacao-07-campo-replay,2026-09-24 20:28:25.448000+00:00,2026-09-24,,,,,,,,80.0,,0.6,,,,,100.0,,
cacao-08-dosel-https,2026-09-24 19:50:17.349000+00:00,2026-09-24,,,,11278.0,,,,68.5,28.6,,,,,,,,
cacao-08-dosel-https,2026-09-24 19:51:18.485000+00:00,2026-09-24,,,,12498.0,,,,68.5,28.1,,,,,,,,
cacao-08-dosel-https,2026-09-24 19:52:18.813000+00:00,2026-09-24,,,,13024.0,,,,69.2,28.7,,,,,,,,
cacao-08-dosel-https,2026-09-24 20:35:40.504000+00:00,2026-09-24,,,,9720.0,,,,74.2,27.6,,,,,,,,
cacao-08-dosel-https,2026-09-24 20:36:41.451000+00:00,2026-09-24,,,,9597.0,,,,75.7,27.7,,,,,,,,
cacao-08-dosel-https,2026-09-24 20:37:41.837000+00:00,2026-09-24,,,,10120.0,,,,73.5,27.5,,,,,,,,
cacao-08-dosel-https,2026-09-24 21:08:03.080000+00:00,2026-09-24,,,,8444.0,,,,80.2,26.6,,,,,,,,
cacao-08-dosel-https,2026-09-24 19:47:16.219000+00:00,2026-09-24,,,,10785.0,,,,69.1,28.3,,,,,,,,
cacao-08-dosel-https,2026-09-24 19:49:17.006000+00:00,2026-09-24,,,,12609.0,,,,69.0,28.1,,,,,,,,
cacao-08-dosel-https,2026-09-24 20:03:24.437000+00:00,2026-09-24,,,,12152.0,,,,69.5,28.1,,,,,,,,
cacao-08-dosel-https,2026-09-24 20:04:24.899000+00:00,2026-09-24,,,,12479.0,,,,67.9,28.0,,,,,,,,
cacao-08-dosel-https,2026-09-24 20:47:46.847000+00:00,2026-09-24,,,,8783.0,,,,77.4,27.1,,,,,,,,
cacao-08-dosel-https,2026-09-24 20:48:47.253000+00:00,2026-09-24,,,,8125.0,,,,75.2,27.0,,,,,,,,
cacao-08-dosel-https,2026-09-24 20:49:47.593000+00:00,2026-09-24,,,,9185.0,,,,77.5,27.0,,,,,,,,
cacao-08-dosel-https,2026-09-24 21:04:00.410000+00:00,2026-09-24,,,,8021.0,,,,80.9,26.6,,,,,,,,
cacao-08-dosel-https,2026-09-24 21:05:00.783000+00:00,2026-09-24,,,,7920.0,,,,80.6,26.8,,,,,,,,
cacao-08-dosel-https,2026-09-24 21:06:01.260000+00:00,2026-09-24,,,,6894.0,,,,79.9,26.8,,,,,,,,
cacao-08-dosel-https,2026-09-24 21:07:02.790000+00:00,2026-09-24,,,,7144.0,,,,81.0,26.6,,,,,,,,
cacao-08-dosel-https,2026-09-24 19:58:21.546000+00:00,2026-09-24,,,,10322.0,,,,68.9,28.4,,,,,,,,
cacao-08-dosel-https,2026-09-24 20:05:25.257000+00:00,2026-09-24,,,,11753.0,,,,69.5,28.0,,,,,,,,
cacao-08-dosel-https,2026-09-24 20:06:26.487000+00:00,2026-09-24,,,,12134.0,,,,69.8,28.0,,,,,,,,
cacao-08-dosel-https,2026-09-24 20:07:26.886000+00:00,2026-09-24,,,,10524.0,,,,69.2,28.0,,,,,,,,
cacao-08-dosel-https,2026-09-24 20:09:27.675000+00:00,2026-09-24,,,,12029.0,,,,70.8,28.3,,,,,,,,
cacao-08-dosel-https,2026-09-24 20:10:28.002000+00:00,2026-09-24,,,,10949.0,,,,69.1,28.0,,,,,,,,
cacao-08-dosel-https,2026-09-24 20:11:28.997000+00:00,2026-09-24,,,,11874.0,,,,68.4,28.1,,,,,,,,
cacao-08-dosel-https,2026-09-24 20:12:29.414000+00:00,2026-09-24,,,,11931.0,,,,70.2,27.8,,,,,,,,
cacao-08-dosel-https,2026-09-24 20:33:39.684000+00:00,2026-09-24,,,,8667.0,,,,74.0,27.5,,,,,,,,
cacao-08-dosel-https,2026-09-24 20:34:40.087000+00:00,2026-09-24,,,,9615.0,,,,74.5,27.1,,,,,,,,
cacao-08-dosel-https,2026-09-24 20:40:42.879000+00:00,2026-09-24,,,,9262.0,,,,74.5,27.6,,,,,,,,
cacao-08-dosel-https,2026-09-24 20:43:44.572000+00:00,2026-09-24,,,,10061.0,,,,74.0,27.6,,,,,,,,
cacao-08-dosel-https,2026-09-24 20:44:44.975000+00:00,2026-09-24,,,,8054.0,,,,72.5,27.5,,,,,,,,
cacao-08-dosel-https,2026-09-24 20:45:45.281000+00:00,2026-09-24,,,,9501.0,,,,73.0,27.5,,,,,,,,
cacao-08-dosel-https,2026-09-24 20:46:46.479000+00:00,2026-09-24,,,,9674.0,,,,77.5,27.0,,,,,,,,
cacao-08-dosel-https,2026-09-24 20:50:47.935000+00:00,2026-09-24,,,,9419.0,,,,77.5,27.1,,,,,,,,
cacao-08-dosel-https,2026-09-24 20:51:48.921000+00:00,2026-09-24,,,,8258.0,,,,77.2,27.1,,,,,,,,
cacao-08-dosel-https,2026-09-24 20:52:49.243000+00:00,2026-09-24,,,,8603.0,,,,76.6,27.1,,,,,,,,
cacao-08-dosel-https,2026-09-24 20:53:49.612000+00:00,2026-09-24,,,,7662.0,,,,75.9,27.0,,,,,,,,
cacao-08-dosel-https,2026-09-24 20:54:49.969000+00:00,2026-09-24,,,,9306.0,,,,77.4,27.0,,,,,,,,
cacao-08-dosel-https,2026-09-24 20:55:50.355000+00:00,2026-09-24,,,,9133.0,,,,76.0,26.8,,,,,,,,
cacao-08-dosel-https,2026-09-24 20:56:51.350000+00:00,2026-09-24,,,,8814.0,,,,76.2,27.1,,,,,,,,
cacao-08-dosel-https,2026-09-24 20:57:51.692000+00:00,2026-09-24,,,,8806.0,,,,78.2,27.1,,,,,,,,
cacao-08-dosel-https,2026-09-24 19:31:05.156000+00:00,2026-09-24,,,,13269.0,,,,68.4,28.1,,,,,,,,
cacao-08-dosel-https,2026-09-24 19:31:08.829000+00:00,2026-09-24,,,,11561.0,,,,68.1,28.3,,,,,,,,
cacao-08-dosel-https,2026-09-24 20:08:27.274000+00:00,2026-09-24,,,,10592.0,,,,70.7,28.0,,,,,,,,
cacao-08-dosel-https,2026-09-24 20:13:29.724000+00:00,2026-09-24,,,,10511.0,,,,70.1,28.2,,,,,,,,
cacao-08-dosel-https,2026-09-24 21:14:05.860000+00:00,2026-09-24,,,,7062.0,,,,81.4,26.6,,,,,,,,
cacao-08-dosel-https,2026-09-24 20:29:37.543000+00:00,2026-09-24,,,,9041.0,,,,72.2,27.8,,,,,,,,
cacao-08-dosel-https,2026-09-24 20:30:37.919000+00:00,2026-09-24,,,,10114.0,,,,70.3,28.3,,,,,,,,
cacao-08-dosel-https,2026-09-24 20:31:38.893000+00:00,2026-09-24,,,,10036.0,,,,74.1,27.4,,,,,,,,
cacao-08-dosel-https,2026-09-24 20:01:23.638000+00:00,2026-09-24,,,,10649.0,,,,71.0,27.9,,,,,,,,
cacao-08-dosel-https,2026-09-24 20:02:23.994000+00:00,2026-09-24,,,,10541.0,,,,70.0,27.8,,,,,,,,
cacao-08-dosel-https,2026-09-24 19:59:21.945000+00:00,2026-09-24,,,,10702.0,,,,68.4,28.3,,,,,,,,
cacao-08-dosel-https,2026-09-24 20:00:22.268000+00:00,2026-09-24,,,,11146.0,,,,68.8,28.4,,,,,,,,
cacao-08-dosel-https,2026-09-24 20:20:32.809000+00:00,2026-09-24,,,,10610.0,,,,72.9,28.0,,,,,,,,
cacao-08-dosel-https,2026-09-24 20:21:33.916000+00:00,2026-09-24,,,,9351.0,,,,70.7,27.7,,,,,,,,
cacao-08-dosel-https,2026-09-24 20:22:34.335000+00:00,2026-09-24,,,,9377.0,,,,74.2,28.0,,,,,,,,
cacao-08-dosel-https,2026-09-24 20:32:39.250000+00:00,2026-09-24,,,,10025.0,,,,74.1,27.5,,,,,,,,
cacao-08-dosel-https,2026-09-24 21:15:06.199000+00:00,2026-09-24,,,,7425.0,,,,79.8,26.8,,,,,,,,
cacao-08-dosel-https,2026-09-24 21:16:06.525000+00:00,2026-09-24,,,,6453.0,,,,79.6,26.7,,,,,,,,
cacao-08-dosel-https,2026-09-24 20:38:42.197000+00:00,2026-09-24,,,,9621.0,,,,75.6,27.7,,,,,,,,
cacao-08-dosel-https,2026-09-24 20:39:42.554000+00:00,2026-09-24,,,,9979.0,,,,74.8,27.3,,,,,,,,
cacao-08-dosel-https,2026-09-24 21:09:03.404000+00:00,2026-09-24,,,,7830.0,,,,81.0,26.7,,,,,,,,
cacao-08-dosel-https,2026-09-24 21:10:03.762000+00:00,2026-09-24,,,,8059.0,,,,80.6,26.5,,,,,,,,
cacao-08-dosel-https,2026-09-24 21:01:59.714000+00:00,2026-09-24,,,,8692.0,,,,80.7,26.6,,,,,,,,
cacao-08-dosel-https,2026-09-24 21:03:00.055000+00:00,2026-09-24,,,,8347.0,,,,81.0,26.4,,,,,,,,
cacao-08-dosel-https,2026-09-24 19:44:14.484000+00:00,2026-09-24,,,,12436.0,,,,67.6,28.5,,,,,,,,
cacao-08-dosel-https,2026-09-24 19:45:14.854000+00:00,2026-09-24,,,,11188.0,,,,67.9,28.3,,,,,,,,
cacao-08-dosel-https,2026-09-24 20:25:35.548000+00:00,2026-09-24,,,,9624.0,,,,73.8,27.8,,,,,,,,
cacao-08-dosel-https,2026-09-24 20:26:36.447000+00:00,2026-09-24,,,,10670.0,,,,72.8,27.9,,,,,,,,
cacao-08-dosel-https,2026-09-24 20:27:36.861000+00:00,2026-09-24,,,,9266.0,,,,73.0,28.2,,,,,,,,
cacao-08-dosel-https,2026-09-24 20:23:34.736000+00:00,2026-09-24,,,,10260.0,,,,71.3,28.0,,,,,,,,
cacao-08-dosel-https,2026-09-24 20:24:35.151000+00:00,2026-09-24,,,,9489.0,,,,72.1,27.7,,,,,,,,
cacao-08-dosel-https,2026-09-24 20:41:43.957000+00:00,2026-09-24,,,,8299.0,,,,74.1,27.5,,,,,,,,
cacao-08-dosel-https,2026-09-24 20:42:44.250000+00:00,2026-09-24,,,,8564.0,,,,74.4,27.6,,,,,,,,
cacao-08-dosel-https,2026-09-24 20:58:52.021000+00:00,2026-09-24,,,,7651.0,,,,77.0,27.0,,,,,,,,
cacao-08-dosel-https,2026-09-24 20:59:58.400000+00:00,2026-09-24,,,,8326.0,,,,76.8,27.0,,,,,,,,
cacao-08-dosel-https,2026-09-24 21:00:58.735000+00:00,2026-09-24,,,,8859.0,,,,78.7,27.2,,,,,,,,
cacao-08-dosel-https,2026-09-24 21:11:04.143000+00:00,2026-09-24,,,,7903.0,,,,81.0,26.5,,,,,,,,
cacao-08-dosel-https,2026-09-24 21:12:05.151000+00:00,2026-09-24,,,,6963.0,,,,80.2,26.6,,,,,,,,
cacao-08-dosel-https,2026-09-24 21:13:05.489000+00:00,2026-09-24,,,,6519.0,,,,80.8,26.6,,,,,,,,
cacao-08-dosel-https,2026-09-24 19:48:16.620000+00:00,2026-09-24,,,,12922.0,,,,69.1,28.0,,,,,,,,
cacao-08-dosel-https,2026-09-24 19:53:19.180000+00:00,2026-09-24,,,,11324.0,,,,69.4,28.2,,,,,,,,
cacao-08-dosel-https,2026-09-24 19:54:19.567000+00:00,2026-09-24,,,,11053.0,,,,67.6,28.2,,,,,,,,
cacao-08-dosel-https,2026-09-24 19:55:19.943000+00:00,2026-09-24,,,,10731.0,,,,70.2,28.3,,,,,,,,
cacao-08-dosel-https,2026-09-24 19:56:20.925000+00:00,2026-09-24,,,,11264.0,,,,69.0,28.3,,,,,,,,
cacao-08-dosel-https,2026-09-24 19:57:21.192000+00:00,2026-09-24,,,,11043.0,,,,69.9,28.3,,,,,,,,
cacao-08-dosel-https,2026-09-24 20:14:30.107000+00:00,2026-09-24,,,,9572.0,,,,70.8,28.0,,,,,,,,
cacao-08-dosel-https,2026-09-24 20:15:30.413000+00:00,2026-09-24,,,,11716.0,,,,69.9,28.1,,,,,,,,
cacao-08-dosel-https,2026-09-24 20:16:31.410000+00:00,2026-09-24,,,,9943.0,,,,72.2,27.6,,,,,,,,
cacao-08-dosel-https,2026-09-24 20:17:31.807000+00:00,2026-09-24,,,,11229.0,,,,71.8,27.7,,,,,,,,
cacao-08-dosel-https,2026-09-24 20:18:32.085000+00:00,2026-09-24,,,,10770.0,,,,69.9,27.9,,,,,,,,
cacao-08-dosel-https,2026-09-24 20:19:32.443000+00:00,2026-09-24,,,,11386.0,,,,71.4,28.1,,,,,,,,
cacao-08-dosel-https,2026-09-24 20:28:37.185000+00:00,2026-09-24,,,,10821.0,,,,73.0,28.1,,,,,,,,
cacao-08-dosel-https,2026-09-24 19:41:13.357000+00:00,2026-09-24,,,,12682.0,,,,67.9,28.3,,,,,,,,
cacao-08-dosel-https,2026-09-24 19:42:13.775000+00:00,2026-09-24,,,,11467.0,,,,67.5,28.3,,,,,,,,
cacao-08-dosel-https,2026-09-24 19:43:14.159000+00:00,2026-09-24,,,,12409.0,,,,66.2,28.3,,,,,,,,
cacao-08-dosel-https,2026-09-24 19:46:15.865000+00:00,2026-09-24,,,,12589.0,,,,67.9,28.4,,,,,,,,
cacao-10-bodega-node,2026-09-24 19:31:30.030000+00:00,2026-09-24,,,,,,,,,28.2,,,,,,,True,True
cacao-10-bodega-node,2026-09-24 19:46:12.059000+00:00,2026-09-24,,,,,,,,,28.1,,,,,,,False,True
cacao-10-bodega-node,2026-09-24 19:46:32.091000+00:00,2026-09-24,,,,,,,,,28.0,,,,,,,False,False
cacao-10-bodega-node,2026-09-24 19:46:52.113000+00:00,2026-09-24,,,,,,,,,28.0,,,,,,,False,False
cacao-10-bodega-node,2026-09-24 19:50:12.280000+00:00,2026-09-24,,,,,,,,,27.8,,,,,,,True,True
cacao-10-bodega-node,2026-09-24 19:50:32.314000+00:00,2026-09-24,,,,,,,,,28.1,,,,,,,True,True
cacao-10-bodega-node,2026-09-24 19:50:52.316000+00:00,2026-09-24,,,,,,,,,27.9,,,,,,,False,False
cacao-10-bodega-node,2026-09-24 19:51:12.320000+00:00,2026-09-24,,,,,,,,,27.9,,,,,,,False,True
cacao-10-bodega-node,2026-09-24 19:51:32.339000+00:00,2026-09-24,,,,,,,,,27.8,,,,,,,False,False
cacao-10-bodega-node,2026-09-24 19:51:52.361000+00:00,2026-09-24,,,,,,,,,27.9,,,,,,,False,True
cacao-10-bodega-node,2026-09-24 19:52:12.377000+00:00,2026-09-24,,,,,,,,,27.9,,,,,,,False,False
cacao-10-bodega-node,2026-09-24 19:52:32.386000+00:00,2026-09-24,,,,,,,,,27.9,,,,,,,False,False
cacao-10-bodega-node,2026-09-24 19:52:53.141000+00:00,2026-09-24,,,,,,,,,27.8,,,,,,,True,True
cacao-10-bodega-node,2026-09-24 20:35:15.365000+00:00,2026-09-24,,,,,,,,,27.2,,,,,,,True,True
cacao-10-bodega-node,2026-09-24 20:35:35.394000+00:00,2026-09-24,,,,,,,,,27.2,,,,,,,False,False
cacao-10-bodega-node,2026-09-24 20:35:55.428000+00:00,2026-09-24,,,,,,,,,27.5,,,,,,,False,False
cacao-10-bodega-node,2026-09-24 20:36:15.421000+00:00,2026-09-24,,,,,,,,,27.4,,,,,,,False,False
cacao-10-bodega-node,2026-09-24 20:36:35.456000+00:00,2026-09-24,,,,,,,,,27.4,,,,,,,False,False
cacao-10-bodega-node,2026-09-24 20:36:55.476000+00:00,2026-09-24,,,,,,,,,27.3,,,,,,,False,False
cacao-10-bodega-node,2026-09-24 20:37:15.496000+00:00,2026-09-24,,,,,,,,,27.4,,,,,,,False,False
cacao-10-bodega-node,2026-09-24 20:37:35.499000+00:00,2026-09-24,,,,,,,,,27.2,,,,,,,False,False
cacao-10-bodega-node,2026-09-24 20:37:55.532000+00:00,2026-09-24,,,,,,,,,27.5,,,,,,,True,True
cacao-10-bodega-node,2026-09-24 21:08:17.034000+00:00,2026-09-24,,,,,,,,,27.0,,,,,,,True,True
cacao-10-bodega-node,2026-09-24 19:47:12.124000+00:00,2026-09-24,,,,,,,,,28.1,,,,,,,True,True
cacao-10-bodega-node,2026-09-24 19:47:32.157000+00:00,2026-09-24,,,,,,,,,28.1,,,,,,,True,True
cacao-10-bodega-node,2026-09-24 19:47:52.161000+00:00,2026-09-24,,,,,,,,,28.0,,,,,,,False,True
cacao-10-bodega-node,2026-09-24 19:48:12.196000+00:00,2026-09-24,,,,,,,,,28.1,,,,,,,False,False
cacao-10-bodega-node,2026-09-24 19:48:32.217000+00:00,2026-09-24,,,,,,,,,28.0,,,,,,,False,False
cacao-10-bodega-node,2026-09-24 19:48:52.222000+00:00,2026-09-24,,,,,,,,,28.1,,,,,,,False,True
cacao-10-bodega-node,2026-09-24 19:49:12.231000+00:00,2026-09-24,,,,,,,,,28.1,,,,,,,False,False
cacao-10-bodega-node,2026-09-24 19:49:32.260000+00:00,2026-09-24,,,,,,,,,28.1,,,,,,,False,False
cacao-10-bodega-node,2026-09-24 19:49:52.277000+00:00,2026-09-24,,,,,,,,,27.8,,,,,,,False,False
cacao-10-bodega-node,2026-09-24 19:53:13.099000+00:00,2026-09-24,,,,,,,,,27.8,,,,,,,True,True
cacao-10-bodega-node,2026-09-24 20:03:33.638000+00:00,2026-09-24,,,,,,,,,27.7,,,,,,,False,False
cacao-10-bodega-node,2026-09-24 20:03:53.667000+00:00,2026-09-24,,,,,,,,,27.8,,,,,,,False,True
cacao-10-bodega-node,2026-09-24 20:04:13.682000+00:00,2026-09-24,,,,,,,,,27.9,,,,,,,False,False
cacao-10-bodega-node,2026-09-24 20:04:33.701000+00:00,2026-09-24,,,,,,,,,27.8,,,,,,,False,False
cacao-10-bodega-node,2026-09-24 20:04:53.717000+00:00,2026-09-24,,,,,,,,,27.6,,,,,,,True,True
cacao-10-bodega-node,2026-09-24 20:47:15.927000+00:00,2026-09-24,,,,,,,,,27.3,,,,,,,True,True
cacao-10-bodega-node,2026-09-24 20:47:35.931000+00:00,2026-09-24,,,,,,,,,27.3,,,,,,,False,False
cacao-10-bodega-node,2026-09-24 20:47:55.936000+00:00,2026-09-24,,,,,,,,,27.2,,,,,,,False,False
cacao-10-bodega-node,2026-09-24 20:48:15.961000+00:00,2026-09-24,,,,,,,,,27.1,,,,,,,False,False
cacao-10-bodega-node,2026-09-24 20:48:35.968000+00:00,2026-09-24,,,,,,,,,27.2,,,,,,,False,False
cacao-10-bodega-node,2026-09-24 20:48:56.007000+00:00,2026-09-24,,,,,,,,,27.3,,,,,,,False,False
cacao-10-bodega-node,2026-09-24 20:49:16.013000+00:00,2026-09-24,,,,,,,,,27.3,,,,,,,False,False
cacao-10-bodega-node,2026-09-24 20:49:36.037000+00:00,2026-09-24,,,,,,,,,27.0,,,,,,,False,True
cacao-10-bodega-node,2026-09-24 20:49:56.057000+00:00,2026-09-24,,,,,,,,,27.3,,,,,,,True,True
cacao-10-bodega-node,2026-09-24 21:03:16.803000+00:00,2026-09-24,,,,,,,,,27.1,,,,,,,False,False
cacao-10-bodega-node,2026-09-24 21:03:36.823000+00:00,2026-09-24,,,,,,,,,26.9,,,,,,,False,False
cacao-10-bodega-node,2026-09-24 21:03:56.820000+00:00,2026-09-24,,,,,,,,,27.1,,,,,,,False,False
cacao-10-bodega-node,2026-09-24 21:04:16.822000+00:00,2026-09-24,,,,,,,,,26.8,,,,,,,False,False
cacao-10-bodega-node,2026-09-24 21:04:36.823000+00:00,2026-09-24,,,,,,,,,26.9,,,,,,,False,False
cacao-10-bodega-node,2026-09-24 21:04:56.846000+00:00,2026-09-24,,,,,,,,,27.0,,,,,,,True,True
cacao-10-bodega-node,2026-09-24 21:05:16.872000+00:00,2026-09-24,,,,,,,,,27.0,,,,,,,True,True
cacao-10-bodega-node,2026-09-24 21:05:36.897000+00:00,2026-09-24,,,,,,,,,26.8,,,,,,,False,False
cacao-10-bodega-node,2026-09-24 21:05:56.899000+00:00,2026-09-24,,,,,,,,,26.9,,,,,,,False,True
cacao-10-bodega-node,2026-09-24 21:06:16.929000+00:00,2026-09-24,,,,,,,,,27.0,,,,,,,False,False
cacao-10-bodega-node,2026-09-24 21:06:36.947000+00:00,2026-09-24,,,,,,,,,26.9,,,,,,,False,False
cacao-10-bodega-node,2026-09-24 21:06:56.967000+00:00,2026-09-24,,,,,,,,,27.0,,,,,,,False,False
cacao-10-bodega-node,2026-09-24 21:07:16.993000+00:00,2026-09-24,,,,,,,,,27.0,,,,,,,False,False
cacao-10-bodega-node,2026-09-24 21:07:36.997000+00:00,2026-09-24,,,,,,,,,26.8,,,,,,,False,False
cacao-10-bodega-node,2026-09-24 21:07:57.032000+00:00,2026-09-24,,,,,,,,,27.0,,,,,,,True,True
cacao-10-bodega-node,2026-09-24 20:05:13.710000+00:00,2026-09-24,,,,,,,,,27.9,,,,,,,True,True
cacao-10-bodega-node,2026-09-24 20:05:33.745000+00:00,2026-09-24,,,,,,,,,27.6,,,,,,,False,False
cacao-10-bodega-node,2026-09-24 20:05:53.767000+00:00,2026-09-24,,,,,,,,,27.6,,,,,,,False,False
cacao-10-bodega-node,2026-09-24 20:06:13.790000+00:00,2026-09-24,,,,,,,,,27.9,,,,,,,False,False
cacao-10-bodega-node,2026-09-24 20:06:33.809000+00:00,2026-09-24,,,,,,,,,27.6,,,,,,,False,False
cacao-10-bodega-node,2026-09-24 20:06:53.832000+00:00,2026-09-24,,,,,,,,,27.9,,,,,,,False,True
cacao-10-bodega-node,2026-09-24 20:07:13.837000+00:00,2026-09-24,,,,,,,,,27.9,,,,,,,False,False
cacao-10-bodega-node,2026-09-24 20:07:33.851000+00:00,2026-09-24,,,,,,,,,27.8,,,,,,,False,False
cacao-10-bodega-node,2026-09-24 20:07:53.870000+00:00,2026-09-24,,,,,,,,,27.6,,,,,,,True,True
cacao-10-bodega-node,2026-09-24 20:08:13.889000+00:00,2026-09-24,,,,,,,,,27.8,,,,,,,True,True
cacao-10-bodega-node,2026-09-24 20:08:33.911000+00:00,2026-09-24,,,,,,,,,27.6,,,,,,,False,True
cacao-10-bodega-node,2026-09-24 20:08:53.915000+00:00,2026-09-24,,,,,,,,,27.8,,,,,,,False,True
cacao-10-bodega-node,2026-09-24 20:09:13.965000+00:00,2026-09-24,,,,,,,,,27.5,,,,,,,False,True
cacao-10-bodega-node,2026-09-24 20:09:33.970000+00:00,2026-09-24,,,,,,,,,27.6,,,,,,,False,False
cacao-10-bodega-node,2026-09-24 20:09:54.005000+00:00,2026-09-24,,,,,,,,,27.9,,,,,,,False,False
cacao-10-bodega-node,2026-09-24 20:10:14.027000+00:00,2026-09-24,,,,,,,,,27.9,,,,,,,False,False
cacao-10-bodega-node,2026-09-24 20:10:34.021000+00:00,2026-09-24,,,,,,,,,27.9,,,,,,,False,True
cacao-10-bodega-node,2026-09-24 20:10:54.049000+00:00,2026-09-24,,,,,,,,,27.7,,,,,,,True,True
cacao-10-bodega-node,2026-09-24 20:11:14.069000+00:00,2026-09-24,,,,,,,,,27.6,,,,,,,True,True
cacao-10-bodega-node,2026-09-24 20:11:34.090000+00:00,2026-09-24,,,,,,,,,27.8,,,,,,,False,False
cacao-10-bodega-node,2026-09-24 20:11:54.113000+00:00,2026-09-24,,,,,,,,,27.6,,,,,,,False,False
cacao-10-bodega-node,2026-09-24 20:12:14.136000+00:00,2026-09-24,,,,,,,,,27.7,,,,,,,False,False
cacao-10-bodega-node,2026-09-24 20:12:34.155000+00:00,2026-09-24,,,,,,,,,27.7,,,,,,,False,False
cacao-10-bodega-node,2026-09-24 20:12:54.172000+00:00,2026-09-24,,,,,,,,,27.6,,,,,,,False,False
cacao-10-bodega-node,2026-09-24 20:13:14.194000+00:00,2026-09-24,,,,,,,,,27.5,,,,,,,False,False
cacao-10-bodega-node,2026-09-24 20:33:35.279000+00:00,2026-09-24,,,,,,,,,27.5,,,,,,,False,False
cacao-10-bodega-node,2026-09-24 20:33:55.310000+00:00,2026-09-24,,,,,,,,,27.6,,,,,,,False,False
cacao-10-bodega-node,2026-09-24 20:34:15.303000+00:00,2026-09-24,,,,,,,,,27.5,,,,,,,False,True
cacao-10-bodega-node,2026-09-24 20:34:35.327000+00:00,2026-09-24,,,,,,,,,27.5,,,,,,,False,False
cacao-10-bodega-node,2026-09-24 20:34:55.346000+00:00,2026-09-24,,,,,,,,,27.4,,,,,,,True,True
cacao-10-bodega-node,2026-09-24 20:38:15.553000+00:00,2026-09-24,,,,,,,,,27.1,,,,,,,True,True
cacao-10-bodega-node,2026-09-24 20:39:55.630000+00:00,2026-09-24,,,,,,,,,27.1,,,,,,,False,False
cacao-10-bodega-node,2026-09-24 20:40:15.632000+00:00,2026-09-24,,,,,,,,,27.4,,,,,,,False,False
cacao-10-bodega-node,2026-09-24 20:40:35.643000+00:00,2026-09-24,,,,,,,,,27.4,,,,,,,False,False
cacao-10-bodega-node,2026-09-24 20:40:55.662000+00:00,2026-09-24,,,,,,,,,27.3,,,,,,,True,True
cacao-10-bodega-node,2026-09-24 20:41:15.688000+00:00,2026-09-24,,,,,,,,,27.4,,,,,,,True,True
cacao-10-bodega-node,2026-09-24 20:43:35.810000+00:00,2026-09-24,,,,,,,,,27.2,,,,,,,False,False
cacao-10-bodega-node,2026-09-24 20:43:55.829000+00:00,2026-09-24,,,,,,,,,27.2,,,,,,,True,True
cacao-10-bodega-node,2026-09-24 20:44:15.838000+00:00,2026-09-24,,,,,,,,,27.0,,,,,,,True,True
cacao-10-bodega-node,2026-09-24 20:44:35.845000+00:00,2026-09-24,,,,,,,,,27.4,,,,,,,False,True
cacao-10-bodega-node,2026-09-24 20:44:55.844000+00:00,2026-09-24,,,,,,,,,27.4,,,,,,,False,False
cacao-10-bodega-node,2026-09-24 20:45:15.847000+00:00,2026-09-24,,,,,,,,,27.2,,,,,,,False,True
cacao-10-bodega-node,2026-09-24 20:45:35.856000+00:00,2026-09-24,,,,,,,,,27.3,,,,,,,False,False
cacao-10-bodega-node,2026-09-24 20:45:55.846000+00:00,2026-09-24,,,,,,,,,27.1,,,,,,,False,True
cacao-10-bodega-node,2026-09-24 20:46:15.867000+00:00,2026-09-24,,,,,,,,,27.0,,,,,,,False,True
cacao-10-bodega-node,2026-09-24 20:46:35.886000+00:00,2026-09-24,,,,,,,,,27.4,,,,,,,False,False
cacao-10-bodega-node,2026-09-24 20:46:55.904000+00:00,2026-09-24,,,,,,,,,27.4,,,,,,,True,True
cacao-10-bodega-node,2026-09-24 20:50:16.074000+00:00,2026-09-24,,,,,,,,,27.3,,,,,,,True,True
cacao-10-bodega-node,2026-09-24 20:50:36.091000+00:00,2026-09-24,,,,,,,,,27.3,,,,,,,False,False
cacao-10-bodega-node,2026-09-24 20:50:56.111000+00:00,2026-09-24,,,,,,,,,27.0,,,,,,,False,False
cacao-10-bodega-node,2026-09-24 20:51:16.131000+00:00,2026-09-24,,,,,,,,,27.0,,,,,,,False,False
cacao-10-bodega-node,2026-09-24 20:51:36.135000+00:00,2026-09-24,,,,,,,,,27.0,,,,,,,False,False
cacao-10-bodega-node,2026-09-24 20:51:56.158000+00:00,2026-09-24,,,,,,,,,27.1,,,,,,,False,False
cacao-10-bodega-node,2026-09-24 20:52:16.159000+00:00,2026-09-24,,,,,,,,,27.0,,,,,,,False,True
cacao-10-bodega-node,2026-09-24 20:52:36.196000+00:00,2026-09-24,,,,,,,,,27.0,,,,,,,False,False
cacao-10-bodega-node,2026-09-24 20:52:56.215000+00:00,2026-09-24,,,,,,,,,27.2,,,,,,,True,True
cacao-10-bodega-node,2026-09-24 20:53:16.239000+00:00,2026-09-24,,,,,,,,,27.0,,,,,,,True,True
cacao-10-bodega-node,2026-09-24 20:53:36.242000+00:00,2026-09-24,,,,,,,,,27.2,,,,,,,False,False
cacao-10-bodega-node,2026-09-24 20:53:56.281000+00:00,2026-09-24,,,,,,,,,27.0,,,,,,,False,False
cacao-10-bodega-node,2026-09-24 20:54:16.300000+00:00,2026-09-24,,,,,,,,,27.1,,,,,,,False,False
cacao-10-bodega-node,2026-09-24 20:54:36.319000+00:00,2026-09-24,,,,,,,,,27.0,,,,,,,False,False
cacao-10-bodega-node,2026-09-24 20:54:56.338000+00:00,2026-09-24,,,,,,,,,27.0,,,,,,,False,False
cacao-10-bodega-node,2026-09-24 20:55:16.339000+00:00,2026-09-24,,,,,,,,,27.2,,,,,,,False,False
cacao-10-bodega-node,2026-09-24 20:55:36.375000+00:00,2026-09-24,,,,,,,,,27.0,,,,,,,False,True
cacao-10-bodega-node,2026-09-24 20:55:56.395000+00:00,2026-09-24,,,,,,,,,27.2,,,,,,,True,True
cacao-10-bodega-node,2026-09-24 20:56:16.403000+00:00,2026-09-24,,,,,,,,,26.9,,,,,,,True,True
cacao-10-bodega-node,2026-09-24 20:56:36.427000+00:00,2026-09-24,,,,,,,,,27.2,,,,,,,False,False
cacao-10-bodega-node,2026-09-24 20:56:56.428000+00:00,2026-09-24,,,,,,,,,27.0,,,,,,,False,False
cacao-10-bodega-node,2026-09-24 20:57:16.461000+00:00,2026-09-24,,,,,,,,,26.9,,,,,,,False,False
cacao-10-bodega-node,2026-09-24 20:57:36.470000+00:00,2026-09-24,,,,,,,,,26.9,,,,,,,False,False
cacao-10-bodega-node,2026-09-24 20:57:56.488000+00:00,2026-09-24,,,,,,,,,26.9,,,,,,,False,True
cacao-10-bodega-node,2026-09-24 20:29:35.083000+00:00,2026-09-24,,,,,,,,,27.4,,,,,,,False,False
cacao-10-bodega-node,2026-09-24 20:29:55.119000+00:00,2026-09-24,,,,,,,,,27.3,,,,,,,False,False
cacao-10-bodega-node,2026-09-24 20:30:15.120000+00:00,2026-09-24,,,,,,,,,27.2,,,,,,,False,False
cacao-10-bodega-node,2026-09-24 20:30:35.138000+00:00,2026-09-24,,,,,,,,,27.3,,,,,,,False,True
cacao-10-bodega-node,2026-09-24 20:30:55.144000+00:00,2026-09-24,,,,,,,,,27.6,,,,,,,False,False
cacao-10-bodega-node,2026-09-24 20:31:15.164000+00:00,2026-09-24,,,,,,,,,27.3,,,,,,,False,True
cacao-10-bodega-node,2026-09-24 20:31:35.168000+00:00,2026-09-24,,,,,,,,,27.6,,,,,,,False,False
cacao-10-bodega-node,2026-09-24 20:31:55.187000+00:00,2026-09-24,,,,,,,,,27.5,,,,,,,True,True
cacao-10-bodega-node,2026-09-24 20:32:15.206000+00:00,2026-09-24,,,,,,,,,27.5,,,,,,,True,True
cacao-10-bodega-node,2026-09-24 21:17:17.426000+00:00,2026-09-24,,,,,,,,,26.7,,,,,,,True,True
cacao-10-bodega-node,2026-09-24 20:13:34.198000+00:00,2026-09-24,,,,,,,,,27.8,,,,,,,False,True
cacao-10-bodega-node,2026-09-24 20:13:54.200000+00:00,2026-09-24,,,,,,,,,27.7,,,,,,,True,True
cacao-10-bodega-node,2026-09-24 20:14:14.232000+00:00,2026-09-24,,,,,,,,,27.6,,,,,,,True,True
cacao-10-bodega-node,2026-09-24 21:13:37.203000+00:00,2026-09-24,,,,,,,,,26.7,,,,,,,False,False
cacao-10-bodega-node,2026-09-24 21:13:57.237000+00:00,2026-09-24,,,,,,,,,27.0,,,,,,,True,True
cacao-10-bodega-node,2026-09-24 20:20:34.593000+00:00,2026-09-24,,,,,,,,,27.6,,,,,,,False,False
cacao-10-bodega-node,2026-09-24 20:20:54.609000+00:00,2026-09-24,,,,,,,,,27.6,,,,,,,False,False
cacao-10-bodega-node,2026-09-24 20:21:14.629000+00:00,2026-09-24,,,,,,,,,27.5,,,,,,,False,False
cacao-10-bodega-node,2026-09-24 20:21:34.648000+00:00,2026-09-24,,,,,,,,,27.6,,,,,,,False,False
cacao-10-bodega-node,2026-09-24 20:21:54.666000+00:00,2026-09-24,,,,,,,,,27.7,,,,,,,False,False
cacao-10-bodega-node,2026-09-24 20:22:14.686000+00:00,2026-09-24,,,,,,,,,27.7,,,,,,,False,True
cacao-10-bodega-node,2026-09-24 20:22:34.704000+00:00,2026-09-24,,,,,,,,,27.7,,,,,,,False,True
cacao-10-bodega-node,2026-09-24 20:22:54.719000+00:00,2026-09-24,,,,,,,,,27.5,,,,,,,True,True
cacao-10-bodega-node,2026-09-24 20:23:14.753000+00:00,2026-09-24,,,,,,,,,27.5,,,,,,,True,True
cacao-10-bodega-node,2026-09-24 20:32:35.230000+00:00,2026-09-24,,,,,,,,,27.4,,,,,,,False,False
cacao-10-bodega-node,2026-09-24 20:32:55.241000+00:00,2026-09-24,,,,,,,,,27.4,,,,,,,False,False
cacao-10-bodega-node,2026-09-24 20:33:15.261000+00:00,2026-09-24,,,,,,,,,27.2,,,,,,,False,True
cacao-10-bodega-node,2026-09-24 21:14:17.255000+00:00,2026-09-24,,,,,,,,,26.6,,,,,,,True,True
cacao-10-bodega-node,2026-09-24 21:14:37.257000+00:00,2026-09-24,,,,,,,,,26.8,,,,,,,False,False
cacao-10-bodega-node,2026-09-24 21:14:57.293000+00:00,2026-09-24,,,,,,,,,26.8,,,,,,,False,True
cacao-10-bodega-node,2026-09-24 21:15:17.298000+00:00,2026-09-24,,,,,,,,,26.8,,,,,,,False,False
cacao-10-bodega-node,2026-09-24 21:15:37.323000+00:00,2026-09-24,,,,,,,,,26.7,,,,,,,False,False
cacao-10-bodega-node,2026-09-24 21:15:57.345000+00:00,2026-09-24,,,,,,,,,26.6,,,,,,,False,False
cacao-10-bodega-node,2026-09-24 21:16:17.364000+00:00,2026-09-24,,,,,,,,,26.9,,,,,,,False,False
cacao-10-bodega-node,2026-09-24 21:16:37.387000+00:00,2026-09-24,,,,,,,,,26.6,,,,,,,False,False
cacao-10-bodega-node,2026-09-24 21:16:57.397000+00:00,2026-09-24,,,,,,,,,26.8,,,,,,,True,True
cacao-10-bodega-node,2026-09-24 19:45:52.053000+00:00,2026-09-24,,,,,,,,,28.0,,,,,,,False,False
cacao-10-bodega-node,2026-09-24 19:45:32.026000+00:00,2026-09-24,,,,,,,,,28.0,,,,,,,False,False
cacao-10-bodega-node,2026-09-24 19:45:12.014000+00:00,2026-09-24,,,,,,,,,28.0,,,,,,,False,False
cacao-10-bodega-node,2026-09-24 19:44:52.010000+00:00,2026-09-24,,,,,,,,,28.2,,,,,,,False,False
cacao-10-bodega-node,2026-09-24 19:44:31.975000+00:00,2026-09-24,,,,,,,,,28.1,,,,,,,True,True
cacao-10-bodega-node,2026-09-24 19:44:11.967000+00:00,2026-09-24,,,,,,,,,28.0,,,,,,,True,True
cacao-10-bodega-node,2026-09-24 19:43:51.944000+00:00,2026-09-24,,,,,,,,,28.2,,,,,,,False,False
cacao-10-bodega-node,2026-09-24 19:43:31.941000+00:00,2026-09-24,,,,,,,,,28.1,,,,,,,False,False
cacao-10-bodega-node,2026-09-24 19:43:11.924000+00:00,2026-09-24,,,,,,,,,28.1,,,,,,,False,False
cacao-10-bodega-node,2026-09-24 19:42:51.908000+00:00,2026-09-24,,,,,,,,,28.2,,,,,,,False,False
cacao-10-bodega-node,2026-09-24 19:42:31.887000+00:00,2026-09-24,,,,,,,,,28.2,,,,,,,False,True
cacao-10-bodega-node,2026-09-24 19:42:11.883000+00:00,2026-09-24,,,,,,,,,27.9,,,,,,,False,True
cacao-10-bodega-node,2026-09-24 19:41:51.864000+00:00,2026-09-24,,,,,,,,,28.1,,,,,,,False,False
cacao-10-bodega-node,2026-09-24 19:41:31.862000+00:00,2026-09-24,,,,,,,,,27.9,,,,,,,True,True
cacao-10-bodega-node,2026-09-24 19:41:11.905000+00:00,2026-09-24,,,,,,,,,28.0,,,,,,,True,True
cacao-10-bodega-node,2026-09-24 20:01:33.534000+00:00,2026-09-24,,,,,,,,,27.7,,,,,,,False,False
cacao-10-bodega-node,2026-09-24 20:01:53.557000+00:00,2026-09-24,,,,,,,,,27.9,,,,,,,True,True
cacao-10-bodega-node,2026-09-24 20:02:13.548000+00:00,2026-09-24,,,,,,,,,27.7,,,,,,,True,True
cacao-10-bodega-node,2026-09-24 20:02:33.581000+00:00,2026-09-24,,,,,,,,,28.0,,,,,,,False,False
cacao-10-bodega-node,2026-09-24 20:02:53.602000+00:00,2026-09-24,,,,,,,,,27.6,,,,,,,False,False
cacao-10-bodega-node,2026-09-24 20:03:13.613000+00:00,2026-09-24,,,,,,,,,27.6,,,,,,,False,True
cacao-10-bodega-node,2026-09-24 20:38:35.585000+00:00,2026-09-24,,,,,,,,,27.2,,,,,,,False,False
cacao-10-bodega-node,2026-09-24 20:38:55.646000+00:00,2026-09-24,,,,,,,,,27.1,,,,,,,False,False
cacao-10-bodega-node,2026-09-24 20:39:15.597000+00:00,2026-09-24,,,,,,,,,27.1,,,,,,,False,False
cacao-10-bodega-node,2026-09-24 20:39:35.610000+00:00,2026-09-24,,,,,,,,,27.3,,,,,,,False,True
cacao-10-bodega-node,2026-09-24 21:08:37.048000+00:00,2026-09-24,,,,,,,,,26.8,,,,,,,False,False
cacao-10-bodega-node,2026-09-24 21:08:57.050000+00:00,2026-09-24,,,,,,,,,27.0,,,,,,,False,False
cacao-10-bodega-node,2026-09-24 21:09:17.055000+00:00,2026-09-24,,,,,,,,,27.0,,,,,,,False,False
cacao-10-bodega-node,2026-09-24 21:09:37.040000+00:00,2026-09-24,,,,,,,,,26.9,,,,,,,False,True
cacao-10-bodega-node,2026-09-24 21:09:57.060000+00:00,2026-09-24,,,,,,,,,26.7,,,,,,,False,True
cacao-10-bodega-node,2026-09-24 21:13:17.214000+00:00,2026-09-24,,,,,,,,,26.7,,,,,,,False,False
cacao-10-bodega-node,2026-09-24 19:58:33.391000+00:00,2026-09-24,,,,,,,,,27.8,,,,,,,False,False
cacao-10-bodega-node,2026-09-24 19:58:53.397000+00:00,2026-09-24,,,,,,,,,27.7,,,,,,,True,True
cacao-10-bodega-node,2026-09-24 19:59:13.415000+00:00,2026-09-24,,,,,,,,,28.0,,,,,,,True,True
cacao-10-bodega-node,2026-09-24 19:59:33.435000+00:00,2026-09-24,,,,,,,,,27.9,,,,,,,False,False
cacao-10-bodega-node,2026-09-24 19:59:53.438000+00:00,2026-09-24,,,,,,,,,27.9,,,,,,,False,False
cacao-10-bodega-node,2026-09-24 20:00:13.473000+00:00,2026-09-24,,,,,,,,,27.6,,,,,,,False,False
cacao-10-bodega-node,2026-09-24 20:00:33.478000+00:00,2026-09-24,,,,,,,,,28.0,,,,,,,False,False
cacao-10-bodega-node,2026-09-24 20:00:53.498000+00:00,2026-09-24,,,,,,,,,27.8,,,,,,,False,False
cacao-10-bodega-node,2026-09-24 20:01:13.501000+00:00,2026-09-24,,,,,,,,,27.9,,,,,,,False,True
cacao-10-bodega-node,2026-09-24 20:25:14.875000+00:00,2026-09-24,,,,,,,,,27.3,,,,,,,False,False
cacao-10-bodega-node,2026-09-24 20:25:34.879000+00:00,2026-09-24,,,,,,,,,27.7,,,,,,,False,False
cacao-10-bodega-node,2026-09-24 20:25:54.892000+00:00,2026-09-24,,,,,,,,,27.6,,,,,,,True,True
cacao-10-bodega-node,2026-09-24 20:26:14.898000+00:00,2026-09-24,,,,,,,,,27.3,,,,,,,True,True
cacao-10-bodega-node,2026-09-24 20:26:34.918000+00:00,2026-09-24,,,,,,,,,27.5,,,,,,,False,True
cacao-10-bodega-node,2026-09-24 20:26:54.935000+00:00,2026-09-24,,,,,,,,,27.3,,,,,,,False,False
cacao-10-bodega-node,2026-09-24 20:27:14.949000+00:00,2026-09-24,,,,,,,,,27.6,,,,,,,False,False
cacao-10-bodega-node,2026-09-24 20:27:34.964000+00:00,2026-09-24,,,,,,,,,27.4,,,,,,,False,True
cacao-10-bodega-node,2026-09-24 20:27:55+00:00,2026-09-24,,,,,,,,,27.4,,,,,,,False,True
cacao-10-bodega-node,2026-09-24 20:43:15.788000+00:00,2026-09-24,,,,,,,,,27.3,,,,,,,False,True
cacao-10-bodega-node,2026-09-24 20:28:15.022000+00:00,2026-09-24,,,,,,,,,27.4,,,,,,,False,True
cacao-10-bodega-node,2026-09-24 21:01:16.688000+00:00,2026-09-24,,,,,,,,,26.9,,,,,,,False,False
cacao-10-bodega-node,2026-09-24 21:01:36.706000+00:00,2026-09-24,,,,,,,,,26.9,,,,,,,False,False
cacao-10-bodega-node,2026-09-24 21:01:56.721000+00:00,2026-09-24,,,,,,,,,27.1,,,,,,,True,True
cacao-10-bodega-node,2026-09-24 21:02:16.743000+00:00,2026-09-24,,,,,,,,,26.9,,,,,,,True,True
cacao-10-bodega-node,2026-09-24 21:02:36.762000+00:00,2026-09-24,,,,,,,,,27.0,,,,,,,False,False
cacao-10-bodega-node,2026-09-24 21:02:56.782000+00:00,2026-09-24,,,,,,,,,26.9,,,,,,,False,False
cacao-10-bodega-node,2026-09-24 20:23:34.774000+00:00,2026-09-24,,,,,,,,,27.4,,,,,,,False,False
cacao-10-bodega-node,2026-09-24 20:23:54.792000+00:00,2026-09-24,,,,,,,,,27.7,,,,,,,False,False
cacao-10-bodega-node,2026-09-24 20:24:14.819000+00:00,2026-09-24,,,,,,,,,27.5,,,,,,,False,False
cacao-10-bodega-node,2026-09-24 20:24:34.825000+00:00,2026-09-24,,,,,,,,,27.6,,,,,,,False,False
cacao-10-bodega-node,2026-09-24 20:24:54.844000+00:00,2026-09-24,,,,,,,,,27.7,,,,,,,False,False
cacao-10-bodega-node,2026-09-24 20:41:35.698000+00:00,2026-09-24,,,,,,,,,27.3,,,,,,,False,False
cacao-10-bodega-node,2026-09-24 20:41:55.735000+00:00,2026-09-24,,,,,,,,,27.4,,,,,,,False,False
cacao-10-bodega-node,2026-09-24 20:42:15.734000+00:00,2026-09-24,,,,,,,,,27.5,,,,,,,False,False
cacao-10-bodega-node,2026-09-24 20:42:35.770000+00:00,2026-09-24,,,,,,,,,27.3,,,,,,,False,False
cacao-10-bodega-node,2026-09-24 20:42:55.780000+00:00,2026-09-24,,,,,,,,,27.1,,,,,,,False,True
cacao-10-bodega-node,2026-09-24 20:58:16.508000+00:00,2026-09-24,,,,,,,,,26.8,,,,,,,False,False
cacao-10-bodega-node,2026-09-24 20:58:36.530000+00:00,2026-09-24,,,,,,,,,26.9,,,,,,,False,False
cacao-10-bodega-node,2026-09-24 20:58:56.548000+00:00,2026-09-24,,,,,,,,,26.9,,,,,,,True,True
cacao-10-bodega-node,2026-09-24 20:59:16.553000+00:00,2026-09-24,,,,,,,,,27.1,,,,,,,True,True
cacao-10-bodega-node,2026-09-24 20:59:36.575000+00:00,2026-09-24,,,,,,,,,27.1,,,,,,,False,False
cacao-10-bodega-node,2026-09-24 20:59:56.609000+00:00,2026-09-24,,,,,,,,,27.2,,,,,,,False,False
cacao-10-bodega-node,2026-09-24 21:00:16.625000+00:00,2026-09-24,,,,,,,,,26.9,,,,,,,False,True
cacao-10-bodega-node,2026-09-24 21:00:36.644000+00:00,2026-09-24,,,,,,,,,26.9,,,,,,,False,False
cacao-10-bodega-node,2026-09-24 21:00:56.662000+00:00,2026-09-24,,,,,,,,,26.8,,,,,,,False,False
cacao-10-bodega-node,2026-09-24 21:10:17.049000+00:00,2026-09-24,,,,,,,,,27.0,,,,,,,False,False
cacao-10-bodega-node,2026-09-24 21:10:37.065000+00:00,2026-09-24,,,,,,,,,26.8,,,,,,,False,False
cacao-10-bodega-node,2026-09-24 21:10:57.084000+00:00,2026-09-24,,,,,,,,,26.8,,,,,,,True,True
cacao-10-bodega-node,2026-09-24 21:11:17.095000+00:00,2026-09-24,,,,,,,,,26.8,,,,,,,True,True
cacao-10-bodega-node,2026-09-24 21:11:37.114000+00:00,2026-09-24,,,,,,,,,26.9,,,,,,,False,False
cacao-10-bodega-node,2026-09-24 21:11:57.150000+00:00,2026-09-24,,,,,,,,,26.8,,,,,,,False,False
cacao-10-bodega-node,2026-09-24 21:12:17.136000+00:00,2026-09-24,,,,,,,,,26.7,,,,,,,False,False
cacao-10-bodega-node,2026-09-24 21:12:37.160000+00:00,2026-09-24,,,,,,,,,26.7,,,,,,,False,False
cacao-10-bodega-node,2026-09-24 21:12:57.194000+00:00,2026-09-24,,,,,,,,,26.7,,,,,,,False,False
cacao-10-bodega-node,2026-09-24 19:31:27.014000+00:00,2026-09-24,,,,,,,,,28.1,,,,,,,True,True
cacao-10-bodega-node,2026-09-24 19:53:33.119000+00:00,2026-09-24,,,,,,,,,27.8,,,,,,,False,False
cacao-10-bodega-node,2026-09-24 19:53:53.136000+00:00,2026-09-24,,,,,,,,,28.0,,,,,,,False,True
cacao-10-bodega-node,2026-09-24 19:54:13.156000+00:00,2026-09-24,,,,,,,,,27.7,,,,,,,False,False
cacao-10-bodega-node,2026-09-24 19:54:33.175000+00:00,2026-09-24,,,,,,,,,27.9,,,,,,,False,False
cacao-10-bodega-node,2026-09-24 19:54:53.196000+00:00,2026-09-24,,,,,,,,,27.7,,,,,,,False,False
cacao-10-bodega-node,2026-09-24 19:55:13.231000+00:00,2026-09-24,,,,,,,,,27.9,,,,,,,False,True
cacao-10-bodega-node,2026-09-24 19:55:33.249000+00:00,2026-09-24,,,,,,,,,27.7,,,,,,,False,False
cacao-10-bodega-node,2026-09-24 19:55:53.268000+00:00,2026-09-24,,,,,,,,,27.8,,,,,,,True,True
cacao-10-bodega-node,2026-09-24 19:56:13.288000+00:00,2026-09-24,,,,,,,,,28.0,,,,,,,True,True
cacao-10-bodega-node,2026-09-24 19:56:33.291000+00:00,2026-09-24,,,,,,,,,28.0,,,,,,,False,False
cacao-10-bodega-node,2026-09-24 19:56:53.295000+00:00,2026-09-24,,,,,,,,,27.9,,,,,,,False,False
cacao-10-bodega-node,2026-09-24 19:57:13.309000+00:00,2026-09-24,,,,,,,,,27.9,,,,,,,False,True
cacao-10-bodega-node,2026-09-24 19:57:33.316000+00:00,2026-09-24,,,,,,,,,27.8,,,,,,,False,True
cacao-10-bodega-node,2026-09-24 19:57:53.339000+00:00,2026-09-24,,,,,,,,,28.0,,,,,,,False,True
cacao-10-bodega-node,2026-09-24 19:58:13.371000+00:00,2026-09-24,,,,,,,,,27.7,,,,,,,False,True
cacao-10-bodega-node,2026-09-24 20:14:34.250000+00:00,2026-09-24,,,,,,,,,27.6,,,,,,,False,True
cacao-10-bodega-node,2026-09-24 20:14:54.270000+00:00,2026-09-24,,,,,,,,,27.5,,,,,,,False,False
cacao-10-bodega-node,2026-09-24 20:15:14.281000+00:00,2026-09-24,,,,,,,,,27.7,,,,,,,False,False
cacao-10-bodega-node,2026-09-24 20:15:34.313000+00:00,2026-09-24,,,,,,,,,27.8,,,,,,,False,True
cacao-10-bodega-node,2026-09-24 20:15:54.323000+00:00,2026-09-24,,,,,,,,,27.6,,,,,,,False,False
cacao-10-bodega-node,2026-09-24 20:16:14.347000+00:00,2026-09-24,,,,,,,,,27.7,,,,,,,False,False
cacao-10-bodega-node,2026-09-24 20:16:34.367000+00:00,2026-09-24,,,,,,,,,27.6,,,,,,,False,False
cacao-10-bodega-node,2026-09-24 20:16:54.384000+00:00,2026-09-24,,,,,,,,,27.8,,,,,,,True,True
cacao-10-bodega-node,2026-09-24 20:17:14.406000+00:00,2026-09-24,,,,,,,,,27.8,,,,,,,True,True
cacao-10-bodega-node,2026-09-24 20:17:34.423000+00:00,2026-09-24,,,,,,,,,27.7,,,,,,,False,False
cacao-10-bodega-node,2026-09-24 20:17:54.457000+00:00,2026-09-24,,,,,,,,,27.8,,,,,,,False,True
cacao-10-bodega-node,2026-09-24 20:18:14.478000+00:00,2026-09-24,,,,,,,,,27.5,,,,,,,False,False
cacao-10-bodega-node,2026-09-24 20:18:34.496000+00:00,2026-09-24,,,,,,,,,27.7,,,,,,,False,False
cacao-10-bodega-node,2026-09-24 20:18:54.517000+00:00,2026-09-24,,,,,,,,,27.6,,,,,,,False,False
cacao-10-bodega-node,2026-09-24 20:19:14.521000+00:00,2026-09-24,,,,,,,,,27.4,,,,,,,False,False
cacao-10-bodega-node,2026-09-24 20:19:34.540000+00:00,2026-09-24,,,,,,,,,27.6,,,,,,,False,False
cacao-10-bodega-node,2026-09-24 20:19:54.545000+00:00,2026-09-24,,,,,,,,,27.6,,,,,,,True,True
cacao-10-bodega-node,2026-09-24 20:20:14.579000+00:00,2026-09-24,,,,,,,,,27.8,,,,,,,True,True
cacao-10-bodega-node,2026-09-24 20:28:35.040000+00:00,2026-09-24,,,,,,,,,27.3,,,,,,,False,False
cacao-10-bodega-node,2026-09-24 20:28:55.059000+00:00,2026-09-24,,,,,,,,,27.4,,,,,,,True,True
cacao-10-bodega-node,2026-09-24 20:29:15.061000+00:00,2026-09-24,,,,,,,,,27.5,,,,,,,True,True
